,GDP_water_all,perc_fff,d_plan,w_plan,base_w_stress,invest,tax_break,corruption,perc_vote,innovate,climate_real,hs_ed,pop_dens,w_quality,debt,flood_pop,flood_build,flood_car,impervious,beds_1000,alone_65,child_5,health_ins,older_1999,mobile_home,rent_50plus,trees,heating,disabled,poverty,older_1979,work_outside,no_car,pop_under_1ft,pop_under_3ft,impact_plus1ft,impact_plus3ft,lat,long,city_km2,pop_2015,median_income
0,17.14891186,0.243116522,1,0,3.368071252,19,0,48,0.496519072,5.21e-05,39,16.5,419.7296486000001,8,759.37,31.28,35.77,37.55751557,16.4067867,6.5370706720000005,10.2460565,7.3,82.4,88.57,3.3,23.5,15.91539888,0.998,15.7,14.378483,63.4,12.96,5.6,0.0,0.0,0.0,0.0,32.4487,-99.7331,291.2017305,122226,43189
1,16.75818588,0.19279167,0,0,3.376584958,18,1,18,0.722946216,0.0005868819999999999,40,13.7,1239.715136,2,3022.84,7.06,6.91,8.047370489,36.64741804,10.245602,11.555375,6.7,86.7,95.61,0.3,28.2,26.51739448,0.996,15.2,27.1067349,85.7,11.74,15.2,0.0,0.0,0.0,0.0,41.0814,-81.51899999999999,159.9794939,198329,34512
2,5.659316195,0.237721877,1,1,5.0,20,3,12,0.6439548660000001,0.00019586200000000002,48,11.0,1139.837021,1,1660.55,5.44,5.35,5.295091253,26.8604716,3.172136985,10.6362957,6.6,86.0,81.37,3.8,26.2,4.861575888,0.998,12.9,15.4089636,50.6,10.21,7.4,0.0,0.0,0.0,0.0,35.0853,-106.6056,487.8697478,556092,47030
3,2.4020348559999998,0.066972725,0,1,2.645669654,21,1,40,0.686520855,0.00018082599999999998,51,8.5,3819.963313,0,2217.47,11.09,12.38,11.3478412,44.93352015,2.1297257480000003,7.624216900000001,7.5,85.7,87.71,0.1,17.5,21.72304223,0.995,6.2,4.8684937999999995,66.9,7.58,9.3,6.319525835,8.441214881,0.051605461,0.067121138,38.8048,-77.0469,39.08807173,149315,89134
4,15.05085479,0.271557402,0,0,3.145631481,15,0,27,0.66622699,0.000493334,42,22.7,2581.11084,3,1165.14,12.23,11.87,29.31780328,43.78150483,1.802768717,9.865677400000001,7.6,83.2,94.72,0.3,32.7,19.01402013,0.996,18.5,28.3847347,85.1,19.98,19.6,0.0,0.0,0.0,0.0,40.6084,-75.4902,46.20529973,119261,36930
5,18.32765356,0.28906291100000003,0,0,2.810262902,20,0,48,0.5066436089999999,6.54e-05,42,16.6,755.0810275,9,407.08,6.78,5.98,10.01944343,25.78847984,5.3110580910000005,9.0786288,8.0,80.7,85.85,4.3,21.7,4.964627916,0.998,11.5,13.8158863,65.2,13.37,5.9,0.0,0.0,0.0,0.0,35.222,-101.8313,260.3310014,196571,47735
6,10.45625624,0.342928401,1,1,5.0,0,0,53,0.39171167799999995,0.000914935,45,24.2,2633.295191,0,4029.31,2.7,2.87,1.5816224280000002,52.14426983,2.584076533,6.997090400000001,7.2,80.7,91.88,3.4,31.7,5.127450176,0.93,8.2,12.1310324,70.0,15.98,6.9,0.0,0.0,0.0,0.0,33.8366,-117.9143,131.2340527,345578,60752
7,13.4990996,0.261888353,0,1,2.9808871339999996,15,0,4,0.412390545,6.69e-05,43,7.0,56.59235277,12,4953.66,15.32,15.35,20.76322967,23.14147543,2.564299732,5.8882814,7.5,84.5,85.3,4.7,20.1,19.15,0.996,10.1,11.0092703,48.9,11.35,5.8,0.0,0.0,0.0,0.0,61.2181,-149.9003,5285.290068,299107,78326
8,12.30907034,0.07027166,0,1,0.0,20,3,4,0.796084679,0.002216938,46,3.6,1575.409387,1,1152.67,5.95,5.72,5.586496931,32.97535812,9.54438267,9.7818945,4.3,94.9,91.82,0.4,30.5,29.51664123,0.992,7.0,7.895461999999999,70.0,4.17,12.6,0.0,0.0,0.0,0.0,42.2808,-83.743,73.75479728,116194,55990
9,10.49677557,0.30761898600000004,0,1,4.478620174,0,0,12,0.521462168,0.000947022,50,13.1,1442.354699,0,793.98,7.9,9.37,7.8849491689999995,32.69403921,2.744160519,5.996797,5.8,89.3,83.57,1.2,33.1,5.666949527000001,0.995,14.5,13.3756451,43.1,13.57,6.8,4.308797127,4.53577176,0.000109984,0.00013748,38.0049,-121.8058,74.53159758,107501,64329
10,17.66200426,0.164644898,1,1,2.7650918630000003,20,0,48,0.50361083,0.000247581,42,15.3,1470.030653,13,971.62,8.02,8.39,5.7106802729999995,34.77356102,2.330689252,6.269430799999999,7.4,78.3,84.26,1.5,24.5,20.62513647,0.998,10.1,14.1486309,38.2,12.47,4.9,0.0,0.0,0.0,0.0,32.7357,-97.1081,258.30481769999994,379716,53326
11,10.10084277,0.154204589,0,1,5.0,0,0,0,0.944578945,0.0007622060000000001,41,5.8,1218.670299,3,824.18,8.28,8.38,47.12853864,25.68655121,0.0,10.5502634,5.6,92.2,86.63,0.4,23.7,7.671764923,0.997,10.3,5.962120400000001,60.3,9.16,4.0,0.0,0.0,0.0,0.0,39.8028,-105.0875,91.62281228,111658,69938
12,9.549572887,0.072447172,0,1,2.0140275,20,4,22,0.438405655,0.000645389,51,11.0,1296.6611990000001,3,13367.51,6.0,5.65,6.8459020189999995,28.42692914,6.172853257000001,10.1092455,6.1,84.1,73.18,0.6,26.1,52.32129808,0.996,11.7,18.0325046,54.3,6.92,16.8,0.0,0.0,0.0,0.0,33.749,-84.38799999999999,346.1976039,448901,47527
13,10.10084277,0.168726911,0,0,5.0,0,4,0,0.677642775,0.000414262,44,13.5,868.5128574999999,2,989.5,6.21,6.54,12.32817485,18.75725193,4.241514802,7.548919199999999,7.8,81.8,80.36,1.7,26.8,2.91577587,0.996,10.2,12.547669500000001,44.0,14.94,6.9,0.0,0.0,0.0,0.0,39.7294,-104.8319,398.2289922,345867,53011
14,13.92166333,0.168880416,0,1,3.97435573,0,0,16,0.601364357,0.00034293199999999995,41,23.8,1706.2700320000001,0,557.98,3.24,3.18,4.073951252,39.20365,2.507302581,5.4484205999999995,8.0,84.7,81.02,0.2,24.6,9.094849365,0.998,6.8,15.582027400000001,49.9,15.45,4.9,0.0,0.0,0.0,0.0,41.7606,-88.3201,117.5745904,200614,63090
15,15.85590543,0.11352704300000001,1,1,2.32506553,21,3,29,0.663104991,0.000709672,49,12.5,1109.741999,0,1567.12,10.01,9.56,9.90045714,23.9999328,2.894953109,5.409815099999999,6.9,81.8,74.99,1.4,23.8,41.75665261,0.997,8.7,10.4562992,37.8,10.88,6.6,0.0,0.0,0.0,0.0,30.2672,-97.7431,799.3398476,887061,57689
16,31.56660806,3.5552040369999998,0,1,5.0,0,1,14,0.600348669,9.82e-05,44,20.4,984.2508664,0,163.22,3.02,3.28,3.155906967,27.06494302,3.6494945160000003,6.595576299999999,8.7,85.8,71.15,2.1,27.0,2.64315425,0.9840000000000001,10.1,15.0205889,40.4,16.84,6.4,0.0,0.0,0.0,0.0,35.3733,-119.0187,369.4302057,363612,57095
17,8.043724791,0.04945927,0,0,4.806378946000001,19,2,31,0.529699691,0.000106032,54,17.5,2986.7146350000003,4,2738.25,3.23,3.18,3.497948782,46.79912009,8.072885707000001,11.3696402,6.7,89.7,95.6,0.1,27.6,18.43458445,0.9940000000000001,15.3,26.623821600000003,87.6,11.28,29.8,0.229414543,0.395852545,0.000739167,0.001110872,39.2904,-76.6122,208.4075903,622454,42241
18,28.56999868,0.18365302600000002,0,0,0.0,0,0,9,0.578165166,0.000146169,44,13.3,1106.519923,3,1934.0,26.54,26.13,26.21283572,35.34768858,6.920143464,9.530268099999999,6.5,84.7,88.33,1.0,31.3,30.99634533,0.995,14.7,20.6214115,66.9,12.65,10.1,1.4883108040000002,2.930807292,0.008923914,0.020616119,30.4583,-91.1403,207.1232476,229186,39876
20,48.83758672,0.145172517,0,0,2.478363411,19,0,3,0.593819677,5.93e-05,41,15.1,522.6326746,5,1553.81,100.0,100.0,0.9828408009999999,24.08736807,7.52914783,12.6426082,7.2,77.9,82.68,1.7,26.1,34.53382984,0.997,13.8,19.9857121,62.7,15.3,11.2,14.10822938,16.00071382,0.002390877,0.002985705,30.0802,-94.1266,225.1600517,117676,40992
21,14.90240839,0.139795639,0,0,2.719952662,21,0,5,0.6873728290000001,0.002031034,49,4.6,1408.113008,0,1265.53,12.01,10.27,12.34260832,33.06604043,2.5031567999999997,8.713295,5.9,91.3,84.32,0.2,16.5,28.70098506,0.997,8.3,6.5275932999999995,54.1,4.87,6.2,0.892074575,0.8928173509999999,0.0008202919999999999,0.000896682,47.6101,-122.2015,95.61022389,134630,94638
22,10.49677557,0.154680356,1,0,5.0,19,1,12,0.8154225979999999,0.0019527020000000002,55,4.3,4345.070849000001,0,1103.39,2.22,2.17,1.982431667,48.11604906,3.543924215,11.7995514,3.5,93.3,94.5,0.3,31.6,18.52766785,0.971,8.4,4.6170264,87.4,4.18,20.9,0.017890002,0.03322429,0.000153994,0.000192492,37.8716,-122.2727,27.01543981,117384,66237
23,1.106104056,0.34138278,1,0,5.0,19,0,8,0.744043584,7.809999999999999e-05,39,7.2,956.1345228,0,472.18,2.63,2.44,2.744577247,39.20263733,5.826104647999999,11.965889500000001,6.5,85.7,83.66,6.6,22.8,9.144182258999999,0.998,12.8,11.2287943,61.0,12.97,5.9,0.0,0.0,0.0,0.0,45.7833,-108.5007,113.0949646,108134,51012
24,16.67212833,0.12700140599999998,0,0,0.0,19,0,13,1.2347906770000001,8.8e-05,43,14.9,552.3298886,1,2594.12,7.1,7.05,6.854370556,23.48960406,16.75690704,10.3976793,6.9,83.8,91.11,0.8,29.8,48.94734368,0.998,16.8,26.078113199999997,76.1,13.99,14.8,0.0,0.0,0.0,0.0,33.5207,-86.8025,384.2106038,212211,31061
25,15.56919827,0.280030016,0,0,3.821073072,0,1,3,0.724531439,0.001652691,38,5.7,1037.9156189999999,12,880.38,5.82,6.27,6.118612281,23.79478564,5.569665166,9.7323853,6.0,87.5,84.99,3.6,25.0,3.826893193,0.997,11.1,11.839017,48.8,8.89,6.2,0.0,0.0,0.0,0.0,43.6187,-116.2146,206.37130430000002,214196,50323
26,0.099105029,0.11780131199999999,0,0,3.352415395,21,15,16,0.525765519,0.001015919,56,14.8,5126.189706,0,2198.74,11.94,11.94,13.63934621,60.45104415,9.542028754,10.1149461,5.4,95.3,92.01,0.1,25.3,19.32029089,0.992,12.1,20.0628965,82.0,9.14,35.2,3.662416709,4.219099128,0.031186718,0.035814932,42.3601,-71.0589,126.85464979999999,650281,55777
27,9.990497827,0.152132086,0,0,4.094523588,16,0,6,0.602629234,0.000676608,45,24.4,3537.968873,0,5010.98,24.19,25.81,27.93251472,57.60240267,5.809691869,9.478428300000001,7.2,80.6,96.72,0.1,34.1,18.61278517,0.996,12.1,29.259237199999998,85.8,18.4,20.9,4.022668658,4.814714266,0.003683477,0.004430377,41.1865,-73.1952,41.64536356,147340,41801
28,12.565692599999998,0.5352935910000001,0,0,2.744568605,18,0,11,0.397502335,3.11e-05,47,35.9,461.1961562,0,2451.51,22.79,23.38,22.60164037,13.58556543,2.9478695439999996,8.0134981,8.8,65.4,69.77,4.6,26.4,16.26789153,0.986,12.5,29.0208095,34.6,15.03,10.0,0.094221625,0.720161775,0.000630237,0.004819456,25.9017,-97.4975,393.5136873,181487,32894
29,16.24758017,0.092883812,0,0,0.345779545,17,0,17,0.55861366,0.00024523,43,17.3,2455.493118,6,2358.51,1.47,1.46,84.01124684,55.06728939,8.099662065,11.2873025,6.6,91.5,97.83,0.2,31.2,11.59938918,0.995,16.5,34.7565333,93.0,10.74,29.3,0.0,0.0,0.0,0.0,42.8864,-78.8784,105.68834340000001,259517,31918
30,10.45625624,0.050441833,0,0,5.0,0,0,53,0.261410889,0.000361114,48,11.3,2335.577018,0,3710.44,5.9,5.17,14.41477635,45.77947734,4.258772977,10.304393,6.1,86.8,93.52,0.1,28.6,8.2617867,0.975,10.6,5.178791599999999,75.8,6.54,8.1,0.0,0.0,0.0,0.0,34.1808,-118.309,44.83902659,104725,66076
31,9.719959662,0.63341251,0,0,1.2664487690000001,15,0,1,0.9299905390000001,0.002191458,46,11.0,1062.846061,0,4596.08,35.98,38.66,41.08846374,19.94089013,13.20178529,10.951526,3.2,94.4,96.12,1.0,31.5,22.86678632,0.998,11.7,17.6437813,78.6,9.0,15.2,0.0,0.0,0.0,0.0,44.4759,-73.2121,40.05283695,42570,44671
32,0.099105029,0.03174704,0,1,3.352415395,21,13,16,0.752106084,0.0022215570000000003,46,5.7,5907.7360100000005,0,2500.79,7.4,6.03,7.660051332,59.15223662,4.0031135330000005,10.7120842,4.3,97.3,90.27,0.0,22.5,17.52340197,0.975,6.9,8.5568823,78.8,2.58,30.6,0.0,0.0,0.0,0.0,42.3736,-71.1097,18.26689612,107916,79416
33,5.850098619,0.183662635,0,0,2.3550879609999997,0,0,27,0.677387948,0.000128075,44,9.6,543.8760063,8,1284.65,37.66,42.07,39.55231313,20.84504152,1.7546715869999998,9.895365199999999,5.0,81.6,56.56,0.6,24.4,17.98576532,0.988,12.3,12.6697984,18.7,12.78,3.8,8.594272897,16.29975338,0.075376039,0.14561280199999999,26.5629,-81.9495,304.927958,165843,50536
34,11.948878599999999,0.258769967,0,1,5.0,0,1,7,0.722688523,0.0016940229999999998,45,4.2,1121.4126919999999,0,931.68,6.99,7.73,5.303914897,38.89178609,3.582062618,9.6281928,5.8,92.2,76.28,2.5,23.9,6.596281263,0.9840000000000001,7.9,2.7879694,33.3,5.51,3.6,2.3495443469999997,3.141748624,0.004691893,0.005519741,33.1581,-117.3506,98.83069883,110830,90597
36,17.66200426,0.076357466,0,0,2.7650918630000003,20,0,18,0.800814617,0.00047140699999999997,43,14.7,1324.2424839999999,2,1095.18,12.52,12.67,12.60398828,46.82551435,2.7105806930000003,5.2338555,6.5,77.8,84.62,0.6,16.6,13.00360443,0.998,6.9,6.2633939000000005,31.2,10.66,2.3,0.0,0.0,0.0,0.0,32.9756,-96.89,96.11457234,127279,69368
37,24.81563016,0.285976918,1,0,2.996812732,20,0,4,0.571820629,0.000835487,40,6.5,695.9934855,0,1961.86,15.47,15.78,14.81936794,26.52590085,7.9019475429999995,10.429793,6.9,92.9,84.17,3.5,21.9,13.44299189,0.995,11.0,14.8758626,63.0,10.83,6.8,0.0,0.0,0.0,0.0,41.9779,-91.6656,185.1008705,128829,53581
38,10.10084277,0.12140689199999999,0,1,5.0,0,0,0,0.9681447329999999,0.000414262,44,2.4,1441.328514,0,17.61,5.98,5.42,4.146054891,30.16271737,0.17822971,7.4658254,5.5,93.7,93.22,0.2,22.6,8.938589312000001,0.9990000000000001,7.4,3.2879382000000006,45.7,6.07,2.3,0.0,0.0,0.0,0.0,39.5807,-104.8772,73.96231946,106604,91941
39,11.40665915,0.165017774,1,1,4.533400391,21,2,18,0.710638581,0.000429552,44,8.5,1498.632466,11,1447.9,1.95,1.92,1.2766789459999999,38.57828016,1.4468309609999999,5.9074101,7.3,89.7,67.83,2.0,17.2,2.221061929,0.996,8.1,7.9023974,12.7,7.13,3.6,0.0,0.0,0.0,0.0,33.3062,-111.8413,166.9535431,250202,72695
40,11.72533711,0.153727902,0,0,2.5673374769999997,21,1,3,0.672570807,9.65e-05,43,6.4,427.10360870000005,8,5424.08,15.25,15.89,4.5806965019999994,10.09368363,11.12816577,9.803622500000001,6.1,88.6,72.51,1.1,28.0,42.64404528,0.997,9.7,9.3040991,46.0,7.85,9.5,49.71494354,62.66465143,0.073037352,0.392113886,32.7765,-79.9311,298.9766357,127694,55546
41,2.124087591,0.117775721,0,0,0.67651765,0,0,2,0.710022587,6.809999999999999e-05,40,8.1,604.2979817,0,573.74,58.66,60.63,14.72322926,19.13123284,17.24478899,14.214179000000001,5.5,89.0,96.18,0.4,21.5,52.64641478,0.997,17.9,17.1615567,83.5,8.01,14.4,0.0,0.0,0.0,0.0,38.3498,-81.6326,83.67726111,50566,48442
42,14.00093147,0.111316145,1,1,2.6165559430000003,21,0,4,0.723248094,0.000278707,47,11.6,1027.238376,3,3165.14,6.56,6.21,6.8136684810000006,26.13745333,2.919949453,6.7567302,7.2,83.7,73.23,1.4,23.2,47.76961844,0.997,9.1,14.0296837,36.3,11.47,7.8,0.0,0.0,0.0,0.0,35.2271,-80.8431,771.1326,792137,53637
43,18.83496746,0.296325052,0,0,0.532987,15,0,8,0.45647360200000003,0.000106285,44,14.8,468.93086569999997,0,2752.71,17.63,17.94,17.98874963,21.05104114,8.201372053,11.9240189,6.2,86.4,86.7,1.9,24.8,46.15372687,0.997,15.4,21.0457367,65.8,11.88,11.7,0.0,0.0,0.0,0.0,35.0456,-85.3097,372.0868315,174483,40177
44,1.501617957,0.20858305100000002,0,1,2.953234493,20,1,40,0.721032253,4.34e-05,49,8.9,256.10903360000003,0,2222.96,22.74,23.4,25.75596365,6.648857464,1.344313338,6.857381200000001,6.3,91.3,82.49,2.4,24.2,54.06471565,0.995,9.6,9.4531269,37.3,11.6,4.1,13.49647226,17.51553549,0.037882025,0.056486762,36.7682,-76.2875,900.4016640000001,230601,68620
45,9.115329512,0.25922037,0,0,5.0,0,0,0,0.785122628,0.000188618,38,6.6,984.4361529999999,0,1562.18,3.54,3.78,3.6330506689999997,34.94073176,4.276871131,10.5252686,6.4,89.0,84.44,3.7,17.9,3.586232682,0.996,12.0,9.2717867,65.9,12.38,5.3,0.0,0.0,0.0,0.0,41.14,-104.8202,63.17829735,62195,58219
46,13.92166333,0.097022289,1,0,3.97435573,11,9,16,0.539464562,0.000312429,51,17.7,4581.045338,3,5212.48,1.72,1.81,2.053823361,61.22644731,3.6448486019999997,9.2733882,6.8,83.2,90.71,0.2,26.5,6.985336564,0.987,10.8,20.692346,82.3,10.89,26.9,0.0,0.0,0.0,0.0,41.8781,-87.6298,593.2126403,2717534,48522
47,11.948878599999999,0.208255126,0,0,5.0,0,1,7,0.478857388,0.0016940229999999998,45,19.1,1989.77331,0,1308.74,6.79,6.48,4.555488052,40.72026929,2.293078789,7.623036900000001,6.8,86.2,75.84,4.6,33.2,3.922328,0.976,9.1,9.4432916,48.3,10.94,5.6,0.858544245,1.016339158,4.51e-06,5.68e-06,32.6401,-117.0842,129.3092026,257296,65185
48,1.5287594999999998,0.084445815,0,0,0.052951277000000005,19,3,12,0.788195999,0.00033574,43,14.2,1459.389881,0,2019.58,17.3,15.08,19.37914045,31.12771431,10.61880248,10.632220599999998,7.2,87.5,95.29,0.2,26.8,34.03194063,0.9890000000000001,14.3,24.513864399999996,86.7,10.61,21.5,0.0,0.0,0.0,0.0,39.1031,-84.512,203.7817337,297397,33604
49,13.18691333,0.174133865,0,0,0.69764122,19,0,5,0.548216381,1.0800000000000002e-05,38,7.8,569.3499327999999,0,1551.36,10.67,10.88,21.88210538,13.905698000000001,2.165466724,5.3036156,9.0,88.3,65.63,3.4,18.2,28.66395211,0.995,13.8,15.8220025,31.9,11.14,5.1,0.0,0.0,0.0,0.0,36.5298,-87.3595,252.2490857,143618,46947
50,8.723979737,0.34389286700000005,0,0,3.1658515389999997,0,0,27,0.978696573,0.00027483200000000003,45,10.7,1579.822034,4,2213.17,20.95,24.35,22.96032997,41.43985737,4.747193811,16.4316304,6.0,81.5,92.25,5.3,28.3,21.15384006,0.987,14.3,14.7921443,62.8,10.35,11.8,7.261213432999999,10.18291191,0.092789618,0.119798827,27.9659,-82.8001,69.86926223,110381,44198
51,16.53794072,0.100476585,0,0,3.368071252,17,1,18,0.6769292090000001,0.00039740699999999996,43,22.6,1948.159071,4,6977.94,3.33,3.06,4.309218203,50.32418704,13.44397108,12.111908999999999,6.7,85.8,95.6,0.5,29.5,12.10486848,0.992,19.7,36.362058600000005,90.4,13.93,25.5,0.0,0.0,0.0,0.0,41.4993,-81.6944,200.4887619,390584,26150
52,0.8442211059999999,0.166553998,0,1,5.0,0,0,0,0.6845866820000001,0.000299226,41,6.9,885.2930062999999,0,3954.4,4.56,4.39,3.8023590460000003,21.14091892,2.766717944,8.726159599999999,7.0,88.0,80.38,2.1,23.0,8.852746626,0.997,12.1,11.743225500000001,45.8,9.97,5.7,0.0,0.0,0.0,0.0,38.8339,-104.8214,499.3149125,442040,54527
53,7.3587859810000005,0.607394791,0,0,0.0,0,2,6,0.801047428,0.00019324200000000002,41,6.2,710.469263,0,1038.7,9.32,9.05,11.72744238,21.943447,9.706129594,6.569829400000001,6.2,92.4,71.3,2.1,32.5,22.2876512,0.995,8.9,10.547707899999999,39.6,7.49,7.7,0.0,0.0,0.0,0.0,38.9517,-92.3341,162.4151895,115391,44907
54,12.88767266,0.34715457200000005,1,1,2.6165559430000003,20,0,3,0.802772539,0.000110581,47,12.8,378.8790092,2,167.5,10.67,10.7,36.11730797,13.32829767,13.51945316,9.8278884,5.4,87.4,81.76,0.8,27.7,48.31612305,0.997,10.9,17.2763223,60.8,9.83,11.6,0.0,0.0,0.0,0.0,34.0007,-81.0348,348.285328,131958,41260
55,1.2672978879999999,0.070036037,0,1,1.840256352,19,0,11,0.319077815,4.49e-05,46,13.6,349.26815539999996,0,0.0,9.21,8.85,24.55672987,11.40221127,5.542102504,10.1608026,7.5,84.7,79.82,1.6,22.9,55.67134225,0.997,18.4,19.73337,55.8,10.78,10.9,0.0,0.0,0.0,0.0,32.461,-84.9877,573.4419153,200285,42306
56,12.48435997,0.102080151,1,0,2.714624541,21,1,12,0.771918186,0.00019905200000000002,43,11.5,1442.505792,4,1815.37,24.7,23.72,12.11823259,38.50746938,6.3128817470000005,7.7460833,7.6,86.6,85.55,0.9,23.4,15.6624509,0.998,11.8,18.2565337,57.3,10.06,9.7,0.0,0.0,0.0,0.0,39.9612,-82.9988,571.6878259,824663,45659
57,10.49677557,0.268954707,1,0,0.0,0,0,12,0.566943191,0.000947022,50,12.9,1613.001029,0,982.79,9.33,8.56,8.729572768999999,33.92279161,1.94031742,8.8286463,6.9,87.0,95.07,2.6,28.7,6.884182269,0.991,12.0,9.2800987,77.2,14.41,6.3,0.0007919660000000001,0.011879493999999999,2.7e-06,2.7e-06,37.978,-122.0311,78.28141318,126268,68318
58,6.293377526,0.020128201000000002,0,1,2.810303512,20,0,42,0.802010784,0.000232211,49,7.7,1965.4950809999998,11,804.56,34.68,37.25,34.47906101,31.2529255,1.436770267,5.0947721,6.7,81.0,90.17,0.5,27.0,19.47368878,0.977,8.5,10.7737054,30.5,9.46,5.0,0.0,0.0,0.0,0.0,26.2712,-80.2706,64.44839329,126673,66430
59,11.19193384,0.293099939,0,0,5.0,0,0,53,0.528115276,0.000116186,48,15.2,1587.3551109999999,11,2574.46,8.58,7.57,7.57409581,36.44647464,1.491274789,5.311903,7.0,85.1,81.11,3.4,30.2,4.700307066000001,0.9890000000000001,7.6,8.9791511,26.5,12.05,3.6,0.0,0.0,0.0,0.0,33.8753,-117.5664,100.5414597,159595,74149
60,18.14292574,0.11427257699999999,1,1,5.0,19,0,11,0.450984125,7.390000000000001e-05,43,18.6,757.3444724999999,8,2026.62,86.46,88.13,9.879315547000001,27.82605033,6.104014685,8.3071322,6.7,80.9,85.5,2.3,20.8,8.555392651,0.996,13.9,17.580149300000002,56.5,14.81,8.6,6.435122728,9.47006916,0.039386584,0.043738180999999994,27.8006,-97.3964,417.92475089999994,316513,50658
61,10.45625624,0.404635504,0,1,4.66866597,0,0,53,0.47675323,0.000914935,45,15.3,2769.9221030000003,0,277.95,1.9,1.89,0.083339402,58.9146525,11.92414818,6.617287599999999,6.7,81.3,93.61,1.9,27.2,3.946736004,0.9229999999999999,7.5,6.1528307,76.0,11.58,4.8,0.23314379300000002,0.273187574,0.000383808,0.000412096,33.6412,-117.9188,40.57045499,112377,66459
62,17.66200426,0.1361441,1,1,2.7650918630000003,17,3,48,0.473772386,0.000292555,48,25.5,1260.585606,0,5062.37,14.75,13.7,5.211870422,29.85694266,5.26696534,7.505516,8.1,72.4,85.76,1.1,22.5,26.32766125,0.996,9.7,16.9504808,58.3,17.99,10.1,0.0,0.0,0.0,0.0,32.7767,-96.79700000000001,1000.0812269999999,1260688,43781
63,10.49677557,0.058699016,0,1,4.283326936,0,1,12,0.399106543,0.005322339000000001,52,14.6,5360.4803329999995,0,568.4,0.48,0.48,0.330966296,51.47821742,3.4022681789999996,8.0836304,5.1,88.2,95.2,1.5,26.4,14.99139305,0.97,8.0,6.3975335,76.6,11.32,8.8,0.22109978100000002,0.39550176299999995,0.000152912,0.000196601,37.6879,-122.4702,19.57473836,104930,74449
64,21.058287699999997,0.249928299,0,0,0.0,18,0,2,0.527013211,0.00017059400000000001,38,9.4,609.8967503,0,1164.05,19.35,20.89,17.55475526,20.90478937,7.745697653,10.43309,7.1,90.6,89.94,2.6,22.6,10.91929041,0.992,11.4,16.2311436,75.7,12.35,8.5,0.0,0.0,0.0,0.0,41.5236,-90.5776,167.0167942,101863,47343
65,15.67107076,0.079558911,0,1,0.052951277000000005,19,0,12,0.891731644,0.00021919799999999998,41,17.9,976.4721581,0,1132.95,8.14,7.94,8.606797265,33.00159901,16.85671439,12.338614,6.6,85.4,95.11,1.2,31.2,17.23007271,0.996,19.1,31.479865999999998,88.2,12.63,21.2,0.0,0.0,0.0,0.0,39.7589,-84.1916,144.7742251,141368,27683
66,17.66200426,0.141369398,1,0,2.7650918630000003,19,0,3,0.766243542,0.00047140699999999997,40,11.2,543.9465203,4,3019.55,18.41,18.21,13.33405627,14.77022247,4.342500835,7.692307700000001,5.4,81.1,65.43,4.0,31.3,17.78260057,0.998,10.2,9.6559607,32.8,10.67,5.8,0.0,0.0,0.0,0.0,33.2148,-97.1331,231.15140060000002,125734,49100
67,10.10084277,0.17509515399999998,1,1,5.0,21,6,0,0.605231455,0.00013545700000000001,50,13.9,1639.762616,13,8487.59,4.22,3.8,3.878783716,36.28285486,4.051387354,8.951213800000001,6.9,85.5,84.22,0.3,23.3,5.447031856000001,0.993,9.5,11.4175384,69.3,11.89,11.0,0.0,0.0,0.0,0.0,39.7392,-104.9903,396.1878344,649654,53637
68,6.0442038789999994,0.222449058,1,0,2.63677603,19,0,2,0.496432172,0.000245375,41,12.7,981.2542822999999,4,2263.79,33.78,35.87,2.628091991,25.73525872,7.504086146000001,9.8339391,7.8,90.2,91.41,2.3,26.3,13.80881895,0.995,13.0,23.8701861,77.9,13.1,8.8,0.0,0.0,0.0,0.0,41.6005,-93.6091,211.9939793,208020,46290
69,19.33395333,0.44805258600000003,0,0,0.0,19,3,4,0.555887705,0.000509846,42,21.7,1932.029592,0,13700.82,1.33,1.31,1.6028192730000002,59.42641767,5.113944302,11.7107218,7.1,83.3,96.71,0.4,37.3,10.69385117,0.992,19.8,43.446078,92.2,14.89,25.0,0.0,0.0,0.0,0.0,42.3314,-83.0458,357.17568860000006,690074,25764
70,10.45625624,0.21651542,0,0,5.0,16,0,53,0.45751155299999996,0.000361114,48,23.9,3494.7305450000003,12,373.73,1.07,1.09,4.03899457,61.45088656,7.406950188,6.3351457,6.9,81.8,97.23,0.7,26.0,4.035660972,0.95,8.3,8.882644,85.7,11.77,4.7,0.0,0.0,0.0,0.0,33.9401,-118.1332,32.45085667,113407,62897
71,31.70561641,0.339278016,1,1,1.846318202,21,0,0,0.8300822170000001,0.001028333,50,12.9,884.5818364,2,1220.68,10.05,10.34,10.14555695,18.37012806,6.640009103,7.7920269,7.4,84.3,75.06,1.1,24.5,56.61324869,0.996,9.7,13.7235979,39.9,11.7,10.0,0.0,0.0,0.0,0.0,35.994,-78.8986,278.19246319999996,246084,50420
72,10.45625624,0.6912099359999999,0,1,5.0,0,0,53,0.285993612,0.000361114,48,42.2,4646.86081,0,938.12,0.0,0.0,0.0,63.01987757,15.06339069,6.4028356,6.6,72.9,94.45,4.1,37.7,3.754061746,0.7979999999999999,9.5,16.5582726,74.8,19.22,10.0,0.0,0.0,0.0,0.0,34.0686,-118.0276,24.90089648,115711,38085
73,1.895406752,0.237009895,0,1,4.881857006000001,16,2,29,0.393723256,4.09e-05,47,22.0,1014.592647,5,1151.22,8.1,7.85,1.896125696,26.33198843,3.532325435,8.1524547,7.8,76.2,79.0,2.7,19.6,8.094624557000001,0.998,13.1,22.8482613,51.7,10.85,7.9,0.0,0.0,0.0,0.0,31.7619,-106.485,666.5975771000001,676325,42772
74,13.92166333,0.192971388,0,1,3.97435573,20,0,16,0.743572289,0.00034293199999999995,41,22.1,1157.435491,0,1073.43,8.73,8.66,8.786733447000001,32.77225177,3.915971634,8.0256593,9.1,84.1,82.65,2.4,23.6,11.897789900000001,0.996,8.6,15.2216679,56.3,14.87,5.5,0.0,0.0,0.0,0.0,42.0354,-88.2826,96.85636986,112105,60499
75,0.030011761,0.25499505100000003,0,0,4.392663299,18,1,23,0.074594631,0.00047745400000000004,49,27.2,4007.358758,12,891.14,5.04,5.39,3.877599384,71.75481293,3.9292730839999996,7.6940633,8.6,73.4,87.82,0.1,28.7,5.9253939870000005,0.9940000000000001,9.0,19.2630538,78.2,22.85,24.4,1.789306429,2.7489257119999997,0.001526176,0.001867444,40.664,-74.2107,31.88109868,127759,43568
76,7.339846128,0.21586317600000002,1,1,0.185220496,0,1,14,0.600799696,0.00012689,48,9.5,1488.461779,0,478.94,4.91,4.98,5.241815844,30.99233187,4.134488838,5.4424528,6.4,92.7,53.95,0.6,26.0,4.951733783,0.998,11.1,7.5269689,9.7,7.4,3.1,0.0,0.0,0.0,0.0,38.4088,-121.3716,108.22179129999999,161084,79487
77,11.948878599999999,3.178557946,0,1,5.0,0,1,7,0.570002046,0.0016940229999999998,45,26.4,1556.8759929999999,1,1093.35,5.46,4.96,4.443734271,28.61859272,3.890554672,8.618814,8.3,78.2,89.44,7.0,29.5,5.788653935,0.963,9.9,9.406984699999999,50.2,22.72,6.6,0.0,0.0,0.0,0.0,33.1192,-117.0864,95.75521795,149079,50899
78,14.72559698,0.694662427,0,0,1.27728685,20,0,3,0.679747,0.00022125099999999997,46,6.5,1413.380502,0,2287.04,10.52,10.59,10.64824582,41.08783569,0.557591705,11.648737400000002,4.6,88.2,85.17,3.4,37.6,19.87955732,0.9940000000000001,13.4,21.091492300000002,59.3,8.36,11.3,0.0,0.0,0.0,0.0,44.0521,-123.0868,112.9313726,159615,43101
79,37.29281768,0.168612662,0,0,0.0,0,0,5,0.676636495,0.00041918300000000006,38,12.5,1051.149539,5,1574.79,10.11,10.38,10.98014694,31.54896815,8.451735268,12.4183261,6.8,85.9,93.5,1.0,24.5,19.41444269,0.9990000000000001,16.3,18.4139182,78.9,13.54,11.2,0.0,0.0,0.0,0.0,38.0903,-89.9384,114.36241509999998,120212,35785
80,14.90240839,0.58429894,1,0,0.0,0,0,5,0.608486016,0.000583939,45,11.9,1148.761137,0,1293.36,8.45,8.56,11.70380426,36.36774539,8.042768605,10.8129946,6.8,85.6,85.8,2.8,23.8,27.22980535,0.992,15.8,23.037619699999997,52.2,13.91,11.9,5.795524436,7.275393858999999,0.005033353,0.006020339,47.979,-122.2021,91.99910808,105685,49578
81,27.62394381,1.033882473,1,0,0.0,0,1,14,0.578405132,0.000157368,46,14.4,1135.166716,0,1972.91,9.93,10.44,7.829948551,33.7536636,1.205831841,7.9600266,6.9,90.0,79.02,2.1,25.9,6.205857911,0.9940000000000001,11.4,11.463478,41.6,13.21,5.7,0.012789126000000001,0.080388789,0.00017668099999999998,0.0008326010000000001,38.2494,-122.04,96.43341231,109468,67364
82,8.618331054,0.600299401,1,0,4.074599077,20,0,1,0.7756803259999999,0.000344615,36,5.4,889.9868402000001,0,2207.1,34.83,32.82,35.15506776,33.28477066,6.662906296,8.8347144,6.3,90.5,77.8,1.5,19.3,2.610283918,0.991,9.7,10.185741199999999,44.2,11.96,8.1,0.0,0.0,0.0,0.0,46.8772,-96.7898,127.48952560000001,113464,46175
83,10.23603508,0.218410473,0,0,1.846318202,20,0,4,0.80258869,3.7e-05,42,8.8,532.6591563000001,0,1246.75,16.03,15.31,16.90761068,17.27901982,3.831701404,8.1005622,8.1,87.0,81.43,3.6,19.3,41.63700333,0.996,15.2,17.4479532,46.8,8.77,7.1,0.0,0.0,0.0,0.0,35.0527,-78.8784,380.20748849999995,202521,43630
84,11.19193384,0.332858378,1,1,5.0,0,0,53,0.402146179,0.000103591,47,27.5,1859.9270559999998,0,2749.67,2.06,2.01,1.329228895,40.3147628,2.209380539,3.7758879000000003,7.5,79.4,74.43,2.2,29.8,2.266337996,0.9740000000000001,8.3,15.4097049,32.1,17.05,3.7,0.0,0.0,0.0,0.0,34.0922,-117.435,109.5080581,203677,64824
85,18.64100245,0.256478825,0,1,5.0,0,0,0,0.853996511,0.001231825,44,4.0,1076.821844,0,1278.65,4.63,4.57,4.58432889,23.33510648,1.6569683999999998,7.2575444000000005,5.4,91.3,77.59,2.7,34.1,5.093821954,0.998,7.7,7.2965817,39.3,8.28,5.2,0.0,0.0,0.0,0.0,40.5853,-105.0844,142.3559531,153292,55647
86,6.293377526,0.100366041,0,1,3.813670521,20,1,42,0.8150094720000001,0.000232211,49,14.1,1814.589334,12,1005.8,51.12,55.0,49.97696467,48.34675963,8.814887365,11.8113989,5.6,79.3,87.31,1.1,30.6,15.539601300000001,0.963,14.0,16.7170438,76.3,13.01,9.7,21.61606268,28.66221121,0.05664803400000001,0.24385358,26.1224,-80.1373,95.65249652,173570,50778
87,23.52443609,0.12495251,0,0,3.368071252,20,0,7,0.628386251,0.00031365799999999997,38,11.7,904.2568743999999,0,494.28,8.35,8.87,8.327291455,29.71732424,4.014642553,10.954015199999999,7.5,84.7,93.11,2.5,21.8,14.10274675,0.998,12.6,16.0462683,66.6,10.71,8.6,0.0,0.0,0.0,0.0,41.0793,-85.1394,284.2765228,257059,43774
88,17.66200426,0.18099025600000002,1,1,2.7650918630000003,18,2,48,0.611384179,0.000247581,42,19.2,883.4769312999999,4,1192.44,9.07,9.18,6.999792201,26.81939283,4.619552255,7.3009651,8.4,78.4,69.04,1.5,23.0,15.16177176,0.997,10.4,15.808701199999998,43.5,13.66,6.5,0.0,0.0,0.0,0.0,32.7555,-97.3308,901.6805892000001,796614,53214
89,10.49677557,0.12070827599999999,1,1,4.156915655,0,1,12,0.5797187,0.0019527020000000002,55,7.7,1143.9753660000001,0,1541.34,12.09,12.19,26.09340078,27.81888324,1.984717233,5.9284024,6.4,93.3,93.48,1.1,17.4,8.126884718,0.992,7.4,5.1386825,59.5,5.97,4.1,1.4980841040000001,6.0358492329999995,0.001153573,0.001804003,37.5483,-121.9886,196.8757428,225221,105355
90,19.62657739,4.296033072,1,1,5.0,0,4,14,0.498999708,7.53e-05,47,24.8,1771.3655239999998,5,1532.33,2.87,2.92,3.187811188,44.85223905,3.140360191,8.4304013,8.9,83.6,84.19,2.3,33.9,3.758456826,0.992,13.0,24.2597922,54.6,16.72,11.5,0.0,0.0,0.0,0.0,36.7468,-119.7726,288.1680789,510451,41531
91,17.66200426,0.093305007,1,1,2.7650918630000003,20,1,3,0.8534913709999999,0.001540219,41,4.1,853.3516149000001,0,0.0,7.24,7.11,10.941578,29.22234049,1.74169249,3.4893954,7.6,91.4,31.59,0.8,16.1,11.03944173,0.9990000000000001,5.5,2.9129631000000002,4.0,4.24,1.2,0.0,0.0,0.0,0.0,33.1507,-96.8236,161.4773999,137797,114098
92,10.45625624,0.32403815399999997,1,1,5.0,0,0,53,0.687307883,0.000914935,45,13.4,2406.449075,0,422.71,1.74,1.56,1.50180966,50.34097301,2.525615934,7.501499000000001,6.3,83.7,90.45,1.8,29.7,5.934176586,0.975,8.7,7.5126024000000005,74.9,9.45,5.8,0.0,0.0,0.0,0.0,33.8704,-117.9242,57.75148181,138976,65974
93,6.424102016,0.316957211,0,1,2.216669109,0,0,14,0.744162276,0.0007355889999999999,45,7.9,777.7081836,3,4239.56,20.26,20.46,21.61267261,13.50507582,12.23747442,7.198549000000001,4.4,85.6,84.87,2.2,33.4,60.44360592,0.991,9.4,12.4958306,49.2,6.44,12.3,0.0,0.0,0.0,0.0,29.6516,-82.3248,164.01910469999999,127559,31818
94,10.45625624,0.265574584,1,0,5.0,0,0,53,0.516933137,0.000914935,45,26.3,3766.1426509999997,0,719.2,11.33,10.31,0.597374854,61.10850298,0.955809548,7.1024299,5.8,83.0,94.94,3.7,32.1,3.3985020610000003,0.95,8.9,13.172901000000001,80.2,13.88,5.4,0.0,0.0,0.0,0.0,33.7743,-117.93799999999999,46.39256029,174721,58449
95,17.66200426,0.294696364,0,1,2.7650918630000003,0,0,48,0.703028825,0.000292555,48,23.7,1579.992659,3,1966.12,9.44,9.5,35.67502167,39.87541828,0.653251527,6.759931699999999,7.4,73.9,89.2,0.3,25.1,15.57612314,0.998,10.9,15.2498932,54.9,17.49,4.7,0.0,0.0,0.0,0.0,32.9126,-96.6389,148.23676469999998,234213,51970
96,11.40665915,0.421773577,1,1,4.60448598,17,0,18,0.731058763,0.000429552,44,16.4,1510.900763,6,2203.15,3.99,3.9,6.432335884,40.38724031,3.0701231460000002,7.1861733999999995,7.3,82.8,86.67,5.7,24.7,2.1260336669999997,0.993,11.5,19.8112492,38.8,13.61,8.7,0.0,0.0,0.0,0.0,33.5387,-112.186,155.433107,234844,46776
97,10.45625624,0.050910982,1,0,5.0,0,0,53,0.269758884,0.000361114,48,15.6,2496.289109,0,1166.94,14.21,13.42,0.012940915,30.04410746,5.112090322,10.135947900000001,5.2,84.3,95.65,0.1,36.4,11.606160800000001,0.982,13.7,9.579288900000002,74.6,6.59,12.6,0.0,0.0,0.0,0.0,34.1425,-118.2551,78.91073164,196984,52574
98,17.66200426,0.18997128300000002,1,1,2.7650918630000003,0,0,48,0.628337561,0.000292555,48,20.1,872.710435,0,1339.58,22.96,23.34,27.65853886,26.47321945,0.223433243,4.189472299999999,7.6,77.9,69.91,2.8,19.1,22.30125129,0.997,8.3,13.043111,35.8,15.62,3.4,0.0,0.0,0.0,0.0,32.746,-96.9978,210.2644733,183500,56475
99,26.47500417,1.356205719,0,0,4.379472393,19,3,2,0.86347479,0.000314814,39,14.9,1651.656076,0,2321.22,0.0,0.0,0.0,43.90699103,6.7406036920000005,10.264837199999999,7.6,87.4,94.36,0.3,30.8,19.70187842,0.996,12.7,25.330704100000002,81.4,13.31,13.7,0.0,0.0,0.0,0.0,42.9634,-85.6681,116.4988297,192416,40355
100,22.95442359,1.281271461,0,0,3.30035373,19,0,5,0.797343175,0.000137407,39,13.4,873.5523422,6,2195.11,14.71,14.24,13.91554132,30.65682626,10.58685513,10.149380699999998,7.8,88.2,92.08,0.9,21.8,17.84858238,0.9940000000000001,13.1,19.596766600000002,70.7,13.89,8.5,0.0,0.0,0.0,0.0,44.5192,-88.0198,120.02371799999999,104847,42826
101,27.79784312,0.134891405,0,0,1.846318202,21,2,0,0.8463738540000001,0.00029205,45,11.3,825.3604357999999,6,1447.82,9.35,8.97,9.681666648,27.43743459,4.419759007,10.0911641,6.4,84.7,83.26,1.2,22.3,41.22485348,0.998,9.9,15.732819099999999,47.5,11.13,8.1,0.0,0.0,0.0,0.0,36.0726,-79.792,338.5514835,279427,41628
102,27.42151207,1.473131626,0,1,0.0,19,0,3,0.58840987,0.000415139,53,15.8,1798.004727,0,719.54,2.5,2.55,41.29208681,42.43870786,1.015479196,9.6639414,7.5,85.4,84.2,3.3,28.9,22.28533072,0.996,15.3,27.9318082,50.5,16.62,10.1,0.112526073,0.112526073,0.0009615569999999999,0.000981181,45.5001,-122.4302,60.79405598,109308,46956
103,1.501617957,0.248249104,0,0,2.97177735,20,1,40,0.491561023,1.4599999999999999e-05,45,10.1,1007.258149,0,2463.11,37.26,35.05,31.41300541,25.18700673,4.9970455419999995,10.5591235,6.3,87.5,90.19,1.0,30.5,24.52338065,0.997,12.5,13.843974300000001,63.1,12.65,8.6,0.030638818999999998,22.95650017,0.004229593,0.073453506,37.0299,-76.3452,136.09321519999997,137081,49190
104,11.23175363,0.264089913,0,0,1.58334778,7,1,6,0.6757170379999999,0.000634377,43,29.4,2692.028786,13,1584.66,9.72,9.69,13.05751212,48.44708735,13.87074803,10.263268400000001,7.0,85.5,95.98,0.0,33.4,20.59677078,0.985,15.4,42.9076682,84.7,16.26,33.8,8.368925037,8.380944749,2.8000000000000003e-05,4.2e-05,41.7637,-72.6851,46.3572309,124795,30630
105,10.49677557,0.360863349,0,1,5.0,0,1,12,0.551481409,0.0019527020000000002,55,19.9,1323.1898019999999,0,789.29,15.43,14.44,10.57292489,32.22949007,1.423875171,6.9809261,6.6,85.5,90.75,4.5,28.6,12.0044936,0.981,10.1,14.285102599999998,68.4,15.37,6.7,13.58258804,15.63572418,0.003569622,0.0067404,37.6688,-122.0808,115.1769759,152401,65096
106,4.729880107,0.128865979,1,0,1.835717034,19,0,0,0.642406601,0.000205348,45,7.3,981.7839240000001,0,974.9,4.43,4.41,4.328253436000001,31.14281982,1.4536755909999999,9.530873199999998,5.1,88.7,60.7,1.4,21.1,1.633157547,0.998,11.2,7.018719099999999,8.2,8.49,3.8,0.0,0.0,0.0,0.0,36.0395,-114.9817,276.7666014,271725,63120
107,6.293377526,0.13561268199999998,0,0,1.86227586,0,0,42,0.46595472299999996,0.000140581,51,29.3,3814.178873,12,374.92,45.16,45.56,50.88147317,52.86399939,4.196596709,11.960588900000001,5.1,68.0,96.4,1.4,40.8,12.02892355,0.9670000000000001,11.6,45.2346899,69.1,20.9,12.8,8.569578295,8.751075777,0.001069997,0.002401447,25.8576,-80.2781,61.53722933,234714,29249
108,27.79784312,0.035538831,1,0,1.6631987609999999,20,1,0,0.666991158,0.00029205,45,15.1,758.3914342999999,0,1421.41,8.65,8.58,8.14893617,27.74810557,3.554535272,10.382447,6.9,83.4,76.25,0.6,25.4,39.24361305,0.996,12.8,20.552559,47.1,10.15,9.4,0.0,0.0,0.0,0.0,35.9557,-80.0053,142.4475477,108031,42299
109,6.293377526,0.209076717,0,0,1.86227586,0,0,42,0.677249287,0.000232211,49,13.1,1895.205269,3,1109.26,43.05,47.5,41.70174295,39.09731564,7.609458346,11.4880963,5.6,77.5,93.68,1.2,30.8,20.36754231,0.9490000000000001,12.7,16.3212296,76.4,13.22,8.6,9.162687086,20.4126956,0.032999804,0.094115806,26.0112,-80.1495,77.45387924,146791,46791
110,4.750085594,0.209222661,0,0,0.723123993,20,0,5,0.432066054,8.94e-05,52,11.8,2049.917589,0,7750.25,19.13,18.53,28.18012805,0.0,3.850873487,12.2396345,5.3,93.9,91.2,0.1,25.8,42.70564065,0.41,10.9,10.9571699,72.8,11.03,17.7,0.37560385399999996,1.0345630259999998,0.002143824,0.003225449,21.3069,-157.8583,169.74975080000002,347973,61442
111,32.85981874,0.241645513,0,0,0.0,18,4,11,0.664953483,0.000328026,47,23.3,1345.1116240000001,6,4183.01,18.8,18.63,19.59233904,41.88352714,5.174716576000001,7.3806867,7.8,73.4,81.72,0.9,23.2,26.65642446,0.9940000000000001,9.8,15.67176,58.2,17.51,9.3,1.043826368,1.158900233,0.000526776,0.000720928,29.7604,-95.3698,1648.715215,2217706,46187
112,10.45625624,0.15879635,1,1,3.375596259,18,0,53,0.681963153,0.000914935,45,7.6,2784.841888,0,1475.62,16.09,16.26,3.7257757860000003,58.9817683,0.662445892,9.6897663,4.9,89.8,94.5,3.8,25.6,3.5700847139999996,0.951,9.0,5.4270749,74.6,8.15,4.0,4.370625834,11.63022371,0.041382234,0.10666737300000001,33.6595,-117.9988,71.01013555,197752,83252
113,14.61151435,0.21796591399999998,0,1,4.861585331000001,21,0,13,0.939068518,0.00043297800000000004,38,9.8,342.3722528,0,2654.12,5.99,6.09,26.12544683,13.730978400000001,5.65751048,10.549431,6.3,85.7,80.91,1.8,24.4,34.65380499,0.997,13.4,14.486849800000002,54.9,9.49,6.5,0.0,0.0,0.0,0.0,34.7304,-86.5861,542.0824802999999,185594,48775
114,11.83588339,0.202568942,0,0,0.532987,0,0,6,0.567945952,0.000114553,44,12.4,584.6475797999999,0,579.54,10.47,10.25,4.537871205,18.05154777,1.885794252,12.108542199999999,6.6,85.4,91.85,2.0,23.7,20.50730057,0.9990000000000001,16.6,14.6689297,74.7,13.51,7.3,0.0,0.0,0.0,0.0,39.0911,-94.4155,200.4489611,117192,43472
115,24.19209284,0.12616608,0,0,0.240328828,21,2,5,0.6242871489999999,0.00011658799999999999,46,15.1,892.3694932,5,3756.67,0.0,0.0,10.93104405,28.75717729,5.66285063,8.9618856,7.5,84.3,88.39,1.3,26.2,16.49390757,0.997,13.7,18.2377825,63.8,13.8,10.1,0.0,0.0,0.0,0.0,39.7684,-86.1581,942.9378821,841449,41987
116,10.45625624,0.17274293100000002,0,0,2.243243515,14,0,53,0.35417246700000005,0.000361114,48,27.5,4745.896287,0,1337.92,3.25,3.76,0.0,65.33402125,3.312060748,8.7326479,7.6,78.6,96.85,0.3,33.8,4.419982418,0.898,11.6,15.043499599999999,82.4,16.94,9.7,0.0,0.0,0.0,0.0,33.9617,-118.3531,23.47522855,111411,42044
117,10.45625624,0.532000645,0,1,5.0,0,0,53,0.612922732,0.000914935,45,3.7,1388.7140359999999,0,3686.27,11.29,10.91,1.958159601,34.03219279,1.375411995,5.9632027999999995,5.6,92.3,63.4,1.2,23.6,4.402474158,0.99,5.8,3.101966,28.0,2.11,4.1,0.058287277,0.07044793099999999,2.94e-05,3.6e-05,33.6846,-117.8265,171.72289890000002,238474,92278
118,17.66200426,0.06397788900000001,1,1,4.66866597,21,0,48,0.394555304,0.000292555,48,20.3,1297.958574,3,1428.69,35.19,35.5,23.82004866,41.58717743,1.8183725569999998,4.5726787,9.0,75.0,83.84,1.8,17.3,15.65335254,0.997,6.8,12.1854415,42.0,15.7,5.2,0.0,0.0,0.0,0.0,32.814,-96.9489,176.25832169999998,228776,52154
119,9.187474134,0.14038886,0,0,2.7650918630000003,13,0,8,0.78285093,1.63e-05,45,15.9,589.0533724,0,1814.63,25.87,25.39,43.4122766,20.93228796,14.2368889,8.739289300000001,7.3,82.6,92.74,1.6,30.9,50.23484488,0.998,13.3,25.375373,74.0,13.01,10.1,0.0,0.0,0.0,0.0,32.2988,-90.1848,294.05145289999996,173212,32250
120,6.600272605,0.337143097,0,0,0.16614932699999999,0,4,27,0.7438028109999999,6.74e-05,44,11.8,389.0408749,2,8693.88,21.38,24.19,26.66511926,12.19968234,4.089965063,9.2662638,6.9,84.8,77.81,4.8,26.2,44.85483266,0.993,13.4,17.222945899999996,46.5,11.33,8.5,18.86708912,20.4293991,0.15837699,0.17158684600000002,30.3322,-81.6557,2177.023173,846951,46764
121,0.030011761,0.245935202,0,0,2.216669109,18,1,23,0.35008662799999996,0.00025957599999999997,52,14.5,6779.300818000001,2,1852.58,11.51,11.51,28.84510658,65.6987977,2.595792044,7.040319800000001,7.3,82.4,82.8,0.1,24.3,8.662277845,0.991,9.8,16.1955622,70.4,9.44,38.5,0.8804125540000001,4.023092536,0.006706585,0.007567686,40.7282,-74.0776,38.30055738,259651,59537
122,13.92166333,0.068811022,0,0,3.7958119439999995,0,0,16,0.77947294,0.00046637800000000004,41,16.6,918.1720001,0,588.47,12.88,11.03,0.890621257,28.77362856,3.2450411710000004,7.3589934999999995,7.6,88.2,73.93,0.5,25.7,8.416596072,0.996,9.3,16.1722998,51.7,16.7,7.1,0.0,0.0,0.0,0.0,41.525,-88.0817,161.1005345,147918,60976
123,11.83588339,0.256535198,1,0,3.97435573,0,0,2,0.733813646,4.35e-05,42,22.2,452.6229763,0,3861.46,4.69,4.81,11.96581723,21.49395389,8.034664606,9.035494,8.5,76.6,92.34,1.8,26.8,22.13997445,0.997,14.6,19.381647100000002,81.4,22.56,10.4,0.0,0.0,0.0,0.0,39.1141,-94.6275,328.87194819999996,148855,38749
124,11.83588339,0.40426484,0,0,2.643081608,19,3,6,0.7554210309999999,0.000114553,40,11.6,572.605693,0,2014.32,6.77,7.29,43.94500951,21.53507183,6.660398726,9.6193977,7.1,84.5,87.53,0.9,25.6,20.01021801,0.996,12.8,16.098814,70.0,10.88,11.2,0.0,0.0,0.0,0.0,39.0997,-94.5786,817.2988948,467990,45821
125,14.90240839,0.126129006,0,0,2.643081608,17,0,5,0.7286975,0.002031034,49,14.6,1626.496743,13,811.68,13.37,13.27,6.558498486,43.66119659,2.437807743,7.7640708,7.3,84.9,85.1,4.4,25.9,21.11045757,0.998,10.3,20.661568,38.2,14.23,7.6,0.41836964600000004,0.432851672,0.000311546,0.000322842,47.3809,-122.2348,76.41699903,124292,60191
126,5.796048805,0.488240147,0,1,1.289059996,0,0,29,0.5284005979999999,6.13e-05,41,8.4,962.9599357999999,13,546.91,12.48,12.49,14.18433321,25.07973869,1.261200487,4.3448628,10.4,85.4,65.54,2.4,17.4,17.34889797,0.995,13.1,14.063298699999999,29.7,9.94,5.8,0.0,0.0,0.0,0.0,31.1171,-97.7278,141.6237529,136378,47763
127,13.89094624,0.035041953,0,0,3.120755374,20,0,8,1.1229562709999998,0.000330822,39,12.2,684.0069219999999,0,2974.96,27.37,27.31,13.39326165,28.66224843,9.49384375,11.7980092,5.9,87.1,89.13,1.2,25.1,35.15726487,0.995,15.0,20.2928225,66.4,12.53,10.9,0.0,0.0,0.0,0.0,35.9606,-83.9207,267.6376424,183066,34226
128,27.44169096,0.10156571,0,0,0.0,0,0,6,0.645130774,0.000250204,40,14.0,965.9996287999999,0,5385.9,5.61,6.12,27.40902081,30.71279816,9.809412555,9.539230400000001,5.7,84.5,83.22,2.9,26.2,22.53007622,0.998,12.0,13.065467300000002,54.9,11.67,8.6,0.171224656,0.713702773,0.0018244479999999998,0.016398269,40.4167,-86.8753,129.3810021,124982,46517
129,10.10084277,0.076976247,0,0,0.0,0,0,0,0.9145448079999999,0.0007622060000000001,41,8.5,1309.5995300000002,0,482.61,0.69,0.78,5.7746405229999995,30.83049109,1.826348115,10.5669817,6.0,86.9,92.17,0.9,26.3,8.846782463,0.997,11.1,8.722430699999999,67.1,10.52,6.6,0.0,0.0,0.0,0.0,39.7047,-105.0814,112.88641809999999,147836,56954
130,10.45625624,0.161916266,0,0,5.0,0,1,53,0.329650613,0.000361114,48,18.6,655.8749627999999,0,2215.2,8.12,6.66,0.7187175379999999,13.71446003,2.6287130569999997,6.142071,8.1,86.6,81.84,6.7,28.5,1.296707901,0.997,9.3,10.983195199999999,30.6,14.14,8.3,0.0,0.0,0.0,0.0,34.6868,-118.1542,243.60435919999998,159774,47225
131,14.47381021,0.52976745,0,0,2.4739881009999998,16,1,2,0.8769472190000001,0.000261031,40,12.4,1213.594635,0,3440.95,12.65,12.61,17.56471682,38.90030884,9.54710224,9.778163300000001,7.4,88.7,95.89,1.3,28.1,20.05550977,0.996,16.9,27.9629859,83.7,10.75,12.5,0.0,0.0,0.0,0.0,42.7325,-84.5555,94.33545329,114485,35563
132,9.822845055,0.113468085,0,0,4.379472393,19,0,11,0.310666192,1.52e-05,46,33.7,1036.085226,13,1078.48,3.0,2.77,12.35715949,31.63926211,2.194048743,6.1048441,9.9,68.5,70.3,8.8,25.7,9.057745936,0.9790000000000001,12.0,31.184774100000002,32.5,14.72,7.5,0.0,0.0,0.0,0.0,27.5306,-99.4803,240.18777000000003,248855,39711
133,4.729880107,0.29661061699999997,0,0,1.932331315,19,1,0,0.513810986,0.000205348,45,16.7,1734.230757,0,532.43,8.25,7.53,2.589625157,38.25901998,3.615949178,9.691856699999999,6.6,80.1,74.05,1.3,24.2,2.6428076369999998,0.996,13.0,15.3672767,24.0,14.82,10.1,0.0,0.0,0.0,0.0,36.1699,-115.1398,348.9137748,605097,50202
134,18.54909231,0.11147261,1,1,1.835717034,0,0,10,0.560628856,0.000418415,44,10.2,421.32190419999995,6,1324.56,13.99,13.74,8.826706727000001,10.54356998,7.50553022,8.1477829,6.4,88.8,81.26,1.1,25.5,14.26386267,0.997,11.3,12.72107,50.0,10.04,8.3,0.0,0.0,0.0,0.0,38.0406,-84.5037,731.7587739,308306,49778
135,10.52575507,0.879146045,0,0,0.975962807,21,1,3,0.456210761,0.000231481,38,6.9,1164.142817,0,2785.76,13.44,13.66,14.45732301,37.39304244,3.7371258239999996,9.071894699999998,6.9,89.8,82.4,1.9,23.4,8.585326285,0.997,10.2,10.399353,56.1,10.71,6.9,0.0,0.0,0.0,0.0,40.8258,-96.6852,231.69493980000001,269726,49840
136,8.477209066,0.47091107200000004,0,1,5.0,20,1,10,0.552519357,0.000107565,40,9.3,631.8069975999999,2,1396.05,4.82,5.97,12.900482,25.223030800000004,12.592476,9.9459338,6.7,86.2,86.46,2.9,22.1,43.23699077,0.998,12.4,13.338840099999999,53.9,9.54,7.9,0.0,0.0,0.0,0.0,34.7465,-92.2896,311.7138632,196943,46085
137,10.45625624,0.206706232,0,0,1.212644296,16,2,53,0.40990160299999995,0.000361114,48,20.6,3554.873602,0,4622.71,3.79,3.92,4.7750789419999995,62.57561343,3.3663875880000003,8.349452000000001,7.0,83.2,96.2,1.1,29.2,4.323436419,0.941,10.0,13.0609588,83.0,12.52,10.6,1.373350034,3.02613363,0.012261433,0.033984649,33.7701,-118.1937,132.2795274,470237,52783
138,10.45625624,0.284859641,1,0,5.0,19,2,53,0.37150746799999995,0.000361114,48,24.5,3195.878343,3,3197.43,25.61,26.09,4.095121665,43.75657161,2.7238044360000004,8.3389375,6.4,78.8,92.75,0.6,32.7,8.662797054,0.938,9.8,10.768707199999998,76.9,14.24,13.1,0.063756251,0.112028474,5.8099999999999996e-05,0.000162523,34.0522,-118.2437,1220.5702410000001,3900794,50205
139,0.099105029,0.34715010399999996,0,1,5.0,19,1,16,0.586338928,0.0022215570000000003,46,21.1,2927.111691,13,1713.83,12.32,12.24,28.91302182,53.41046437,3.621432295,8.773935400000001,6.7,93.4,93.73,0.0,27.6,23.66361244,0.992,13.0,23.6301281,80.7,12.19,17.2,0.0,0.0,0.0,0.0,42.6334,-71.3162,37.35730357,109349,48002
140,1.676079295,0.304568528,0,0,2.380891814,19,0,48,0.535719927,8.6e-05,42,14.7,753.6874508999999,0,636.11,7.19,7.28,12.25309387,22.61101908,6.0610088939999995,9.1028717,7.0,82.6,80.42,2.2,28.7,7.1082859879999996,0.998,14.0,13.6222397,54.6,12.33,6.0,0.0,0.0,0.0,0.0,33.5779,-101.8552,319.38836150000003,240719,44648
141,12.53274359,0.266370323,1,0,5.0,21,6,2,0.9140963320000001,0.00087417,45,5.2,1004.2981609999999,13,923.53,16.72,17.14,8.080794249,24.18373396,6.465889552999999,7.821341800000001,5.6,93.4,81.94,0.7,29.0,12.63744475,0.9940000000000001,8.6,10.374014,57.5,6.41,12.1,0.0,0.0,0.0,0.0,43.0731,-89.4012,242.0814949,243122,54896
142,12.63265466,0.25475712699999997,0,1,4.906811846,18,0,0,1.313663501,0.0009307580000000001,39,12.6,1223.921247,0,5416.0,0.0,0.0,17.54716819,38.4986282,5.683726927,9.750803,5.8,87.2,93.16,0.3,25.6,34.19962627,0.996,13.8,15.8289955,70.2,12.09,9.7,0.0,0.0,0.0,0.0,42.9956,-71.4548,89.98863309999999,110139,54282
143,9.635735178,0.10795435099999999,0,0,2.380891814,0,0,11,0.508748379,1.7100000000000002e-05,48,26.5,1048.492693,9,273.59,11.88,12.09,0.0,37.13154227,7.06605447,6.877442299999999,8.1,69.1,71.29,4.4,24.7,13.53439108,0.977,12.9,22.891651899999996,32.0,11.82,6.2,0.0,0.0,0.0,0.0,26.2034,-98.23,130.65708610000001,136993,44254
144,17.66200426,0.49692049299999996,0,1,2.744568605,21,0,3,0.750381121,0.001540219,42,7.8,922.0669974,4,246.5,10.97,10.92,10.85878881,26.15084157,2.15241497,5.8725597,7.9,86.6,39.13,1.0,18.3,18.00707362,0.997,6.4,3.7320385000000003,10.3,6.94,3.7,0.0,0.0,0.0,0.0,33.1972,-96.6398,162.747393,150064,81459
145,14.13141583,0.127668822,0,1,2.7650918630000003,19,0,21,0.72964132,0.00030925099999999997,45,16.3,788.0088288,12,3853.28,7.44,6.45,11.70512132,27.62669808,6.234336172999999,9.4068662,7.7,82.2,91.77,1.0,29.9,37.77571105,0.998,13.8,26.286057500000002,70.0,16.5,12.1,0.0,0.0,0.0,0.0,35.1495,-90.04899999999999,833.9589304,657167,36445
146,11.40665915,0.180220456,0,0,0.0,19,0,18,0.609664881,0.000429552,44,12.5,1294.387649,0,563.53,13.08,12.54,8.530416138,34.80535028,2.612997428,10.516002199999999,6.9,83.5,82.01,13.6,25.1,2.5073457269999997,0.993,11.8,12.123329,33.1,13.51,7.1,0.0,0.0,0.0,0.0,33.4152,-111.8315,354.4996744,458860,48809
147,17.66200426,0.284725568,1,1,4.60448598,19,0,48,0.5725678160000001,0.000292555,48,19.3,1199.628043,9,844.31,34.94,39.73,17.24574863,32.20279157,1.68542456,6.8291661999999995,7.8,76.4,86.98,0.3,25.3,17.21118709,0.997,10.9,15.016215099999998,41.5,14.09,4.7,0.0,0.0,0.0,0.0,32.7668,-96.5992,119.6904331,143584,49604
148,6.293377526,0.275850179,1,1,2.7650918630000003,0,4,42,0.447582524,0.000140581,51,26.8,4306.933147,0,958.4,38.6,40.19,32.743875800000005,52.79206698,7.573616685,12.1235232,6.3,69.9,77.96,0.5,35.4,15.51202736,0.9390000000000001,12.5,32.5891183,64.2,20.72,20.5,4.183387027,8.757936284,0.010078687,0.02371654,25.7617,-80.1918,98.59266107,424632,31051
149,6.293377526,0.281730469,0,0,1.86227586,17,0,42,0.779835284,0.000140581,51,19.7,2187.328262,0,0.0,0.0,0.0,0.0,41.45390097,6.579123557000001,8.095990700000002,5.9,73.9,91.09,1.2,38.4,15.56421549,0.968,10.5,32.2226881,76.6,16.06,7.7,1.09622303,3.481490078,0.0015133929999999998,0.006616155,25.941999999999997,-80.2456,51.21362072,112021,38253
150,59.09556632,0.28741221,0,0,3.813670521,19,0,29,0.552514992,0.00021812400000000001,39,17.0,659.3170944,13,779.35,3.01,3.36,0.0,18.44794443,4.0138911319999995,8.0182348,8.2,79.8,86.17,1.8,18.6,9.726042619,0.998,10.7,8.1871616,54.0,17.04,4.5,0.0,0.0,0.0,0.0,31.9973,-102.0779,187.80037869999998,123820,69173
151,17.96319306,0.205159197,1,1,5.0,18,7,5,0.7979958890000001,0.000243739,48,17.9,2406.478233,13,1321.82,4.26,4.02,3.3936744180000002,49.15372131,5.082585763,8.8220895,7.8,86.7,95.75,0.4,30.9,11.96775109,0.9940000000000001,14.0,31.1632663,89.1,11.62,18.5,0.0,0.0,0.0,0.0,43.0389,-87.9065,249.11839709999998,599498,35958
152,15.47035723,0.323529748,0,0,2.997410752,20,4,4,0.78290026,0.001121245,46,11.4,2687.451396,0,3597.73,29.91,29.39,6.721135864,47.73612488,7.780972622,8.0131841,6.9,89.4,91.31,0.2,25.8,9.255274887,0.99,10.8,16.711108499999998,81.5,7.92,18.1,0.0,0.0,0.0,0.0,44.9778,-93.265,148.82129609999998,399950,51480
153,6.293377526,0.28455449,0,0,3.784979134,0,0,42,0.563222986,0.000232211,49,9.7,1559.675768,12,243.99,17.76,16.36,44.03906638,27.32763599,1.354807282,2.4432084,6.1,80.1,60.82,2.9,34.5,20.04815892,0.977,7.4,12.678692100000001,28.9,7.52,2.7,0.618796809,2.176825184,0.0004894999999999999,0.000757133,25.9861,-80.3036,84.23802095,131384,65282
154,24.78064766,0.046070919,1,0,3.813670521,19,0,1,0.821966547,3.86e-05,41,13.1,508.1847249,0,1885.86,9.89,8.5,17.38899427,16.51832063,9.606049243,11.7277143,6.8,85.3,91.57,1.4,28.0,49.1768968,0.997,14.8,20.5133255,69.1,10.37,9.4,9.049206602,12.07999219,0.016240876,0.02164987,30.6954,-88.0399,383.0673975,194669,38776
155,26.32129775,0.06585078,0,0,2.261912188,0,0,14,0.553534057,6.829999999999999e-05,45,18.8,2182.171064,0,751.56,13.03,12.55,8.936454849,49.53500398,5.58602674,9.210992999999998,7.1,86.1,88.62,1.9,30.1,8.750306835,0.996,15.0,17.8729019,57.7,15.6,8.0,0.0,0.0,0.0,0.0,37.6391,-120.9969,95.08053857,207482,48577
156,16.45443343,2.219341708,0,1,4.478620174,17,0,6,0.617288873,4.8200000000000006e-05,43,14.5,482.7886955,0,679.24,4.06,3.95,12.52907195,19.16499458,5.168327856,10.3435755,7.0,86.5,87.23,2.3,29.1,37.86742184,0.998,16.3,21.5911652,56.7,11.16,8.5,0.0,0.0,0.0,0.0,32.3668,-86.3,420.4054525,202967,42927
157,11.19193384,0.131385027,0,0,0.0,0,0,53,0.35226432700000004,0.000116186,48,24.8,1510.66073,0,193.69,11.73,11.64,3.594027035,23.21494438,2.305914696,3.2151355,7.5,79.5,75.3,1.9,32.8,1.338621267,0.965,10.0,16.0369876,19.3,17.42,4.8,0.0,0.0,0.0,0.0,33.9425,-117.2297,132.91402630000002,200788,54590
158,12.14637579,0.5092101689999999,1,0,5.0,20,0,5,0.8318399009999999,7.79e-05,38,8.2,827.4200546,0,1527.99,21.59,20.02,11.84689844,27.08342362,2.424078045,6.9971697,6.6,88.5,62.31,1.4,23.9,14.89251028,0.998,8.8,12.5095467,26.4,7.34,4.5,0.0,0.0,0.0,0.0,35.8456,-86.3903,142.5914194,117983,51094
159,11.19193384,0.215089621,0,0,0.69764122,0,0,53,0.688867557,0.000116186,48,7.8,1237.2901570000001,0,1664.01,6.16,5.95,18.27383827,26.65900609,2.102188695,8.1780633,6.9,88.5,48.81,4.3,26.6,3.228175916,0.998,9.0,6.9389628,5.8,8.58,2.8,0.0,0.0,0.0,0.0,33.5539,-117.2139,86.88907722,107507,74610
160,13.92166333,0.215761728,0,1,4.248791956,21,0,16,0.767667586,0.000644876,40,3.3,1436.848802,0,789.56,25.69,24.94,3.783490602,40.18675386,2.4059341780000003,6.8400136,5.7,94.7,85.03,0.1,19.9,11.87406903,0.998,6.5,4.1918799,29.2,3.56,3.4,0.0,0.0,0.0,0.0,41.7508,-88.1535,100.9556467,145058,109468
161,12.65920638,0.105553195,0,0,3.97435573,16,0,6,0.732519825,0.000530025,44,17.0,2643.838482,13,4358.05,35.6,34.07,26.63853455,43.99060059,15.71065446,11.1088787,6.1,87.3,93.83,0.1,33.5,26.86253204,0.9940000000000001,11.1,27.881698200000002,83.2,11.2,29.2,24.6929838,26.79309711,0.005140498,0.008197008,41.3083,-72.9279,49.40241277,130612,37192
162,27.59372053,0.491836874,0,0,3.496505444,15,5,12,0.539014365,4.51e-05,53,14.8,411.5696563,2,3796.7,4.8,5.14,37.63341164,11.14458774,4.416862647,9.755778999999999,6.2,83.8,89.66,0.8,33.2,9.04671151,0.996,13.6,20.573984600000003,78.1,11.31,18.9,3.4466923960000004,19.34819424,0.024355786,0.024355786,29.9511,-90.0715,915.3687456,376738,36792
163,0.030011761,0.319734356,0,0,0.0,19,4,19,0.396861085,0.00010711799999999999,55,19.7,10981.32621,2,8346.27,9.21,8.02,5.23503123,62.71734441,2.960811787,10.607557,6.6,87.6,92.87,0.1,28.3,12.76095828,0.985,10.4,21.423398199999998,84.7,10.26,55.2,0.537360639,0.7641623820000001,0.001044192,0.007493413000000001,40.7128,-74.006,767.3702463,8426743,53373
164,0.030011761,0.071325859,1,1,5.0,16,1,23,0.386774009,0.000203383,53,27.7,4477.480562,12,1074.42,12.83,11.27,9.63321704,68.19363115,7.451937683,9.086592900000001,7.8,75.2,85.96,0.1,31.3,8.814897712,0.992,17.6,30.7569463,72.9,21.96,39.7,8.159961114,8.562758897,0.00041363300000000006,0.000432711,40.7357,-74.1724,62.48893683,279793,33139
165,1.501617957,0.0958979,1,0,3.7958119439999995,20,1,40,0.642243021,9.379999999999999e-05,44,11.0,1011.933607,0,4258.55,25.51,26.54,10.61883645,24.57817303,4.0921449569999995,9.116442,7.3,86.8,87.9,2.4,23.5,35.81523831,0.998,12.6,15.9700607,55.8,14.3,9.2,0.0044120159999999995,6.590449088,0.002533359,0.045616782,37.0871,-76.473,179.18468049999998,181323,50077
166,1.501617957,0.100518336,0,0,2.97177735,19,1,40,0.376740109,6.11e-05,49,13.0,1629.6872119999998,0,4098.26,22.39,21.68,17.08491516,37.55767865,5.369685315,9.1446953,6.9,83.9,89.97,0.9,28.5,15.87059938,0.996,12.5,17.8838532,73.1,14.42,12.4,10.15799423,12.19668204,0.049909147,0.08532997699999999,36.8508,-76.2859,150.61295090000002,245452,44480
167,8.189505547000001,0.121850556,0,0,2.953234493,19,0,6,0.616607428,0.00019358599999999999,39,7.0,240.77411659999999,13,1127.74,1.16,1.08,26.60329634,6.942642137999999,5.027566402,8.3075416,5.5,88.3,77.88,3.6,29.3,39.38573832,0.998,12.0,10.4206097,47.2,8.29,5.3,0.0,0.0,0.0,0.0,35.2226,-97.4395,487.39873560000007,117353,51491
168,4.729880107,0.12994903300000002,0,1,2.810262902,12,0,0,0.535168196,0.000205348,45,21.8,871.3818847000001,0,441.6,0.29,0.29,1.3092152879999999,17.40821412,1.710305916,5.3329645,8.1,79.2,44.89,1.2,26.1,0.529454099,0.997,10.5,16.0993507,16.3,18.14,6.6,0.0,0.0,0.0,0.0,36.1989,-115.1175,260.3450955,226860,52511
169,10.45625624,0.26557925600000004,1,0,1.835717034,0,0,53,0.34787964600000004,0.000361114,48,26.5,4237.982058,0,1380.2,4.87,4.98,0.0,64.81289218,1.565737537,6.589531699999999,7.0,80.5,97.44,1.6,28.4,4.026804491,0.971,10.1,11.4490358,86.5,15.9,5.7,0.0,0.0,0.0,0.0,33.9022,-118.0817,25.16740244,106659,59756
170,10.49677557,0.405127326,1,1,5.0,19,2,12,0.5590775410000001,0.0019527020000000002,55,19.6,2839.120687,0,6065.91,10.26,11.44,5.0168463260000005,48.47748920000001,3.1097377180000003,9.672145599999999,6.4,86.0,92.55,0.4,27.5,18.50337721,0.963,12.1,13.295334,81.9,12.41,17.3,1.6526454830000001,2.679667608,0.000173917,0.000327574,37.8044,-122.2711,143.732178,408073,54618
171,11.948878599999999,0.262675473,1,1,5.0,0,1,7,0.6364520929999999,0.0016940229999999998,45,14.3,1589.831978,0,1312.56,10.01,9.43,10.83810905,39.75099347,2.294134643,10.3251616,6.5,85.4,89.95,4.3,24.5,5.76074527,0.977,10.8,6.5577835,43.4,12.52,5.3,0.08436868,0.123085813,0.0007385989999999999,0.006329209000000001,33.1959,-117.3795,108.8479804,173050,57703
172,8.189505547000001,0.866482867,1,1,4.443978723,21,1,6,0.611485072,9.68e-05,42,15.0,382.4723222,0,1558.3,4.23,4.35,9.187468871,16.03372103,6.638588309,8.9781016,7.9,81.6,82.42,3.2,23.3,22.15294191,0.998,13.2,15.801234900000003,56.7,14.95,6.8,0.0,0.0,0.0,0.0,35.4676,-97.5164,1596.643638,610672,47779
173,11.83588339,0.214658713,0,0,4.897303906,0,0,2,0.719871855,0.001076191,40,6.0,849.6686552000001,0,1026.9,10.21,10.34,3.2191217410000004,25.3807927,1.74133893,6.2371562,7.7,90.4,72.44,1.1,19.3,13.61475702,0.998,7.8,5.426085400000001,28.5,9.23,3.6,0.0,0.0,0.0,0.0,38.8814,-94.8191,154.7756284,131508,77335
174,12.11372483,0.329177057,1,1,2.643081608,19,2,3,0.560973846,0.000152514,41,12.0,1313.5454949999998,0,1645.95,5.45,5.32,11.123886099999998,39.76158396,6.092711017999999,9.6072834,7.3,87.4,92.82,1.2,24.5,11.36791637,0.997,10.7,13.0861398,70.8,11.93,8.6,0.0,0.0,0.0,0.0,41.2524,-95.99799999999999,334.9971522,440034,49896
175,11.19193384,0.40897604200000004,0,0,3.032913698,0,0,53,0.498348465,0.000103591,47,29.4,1303.2411140000002,0,1321.73,4.73,4.62,5.358823955,38.57876194,1.587226099,5.8258575,7.0,79.6,92.32,4.4,30.1,2.7459574019999997,0.986,8.9,14.3261214,58.1,18.95,4.8,0.0,0.0,0.0,0.0,34.0633,-117.6509,129.0766522,168218,54114
176,10.45625624,0.753894904,1,0,5.0,0,0,53,0.63409369,0.000914935,45,15.8,2143.689546,0,819.36,19.41,18.93,2.337465246,50.0283519,9.215732572,7.0759137999999995,6.2,85.3,91.44,2.7,29.5,4.51360282,0.9490000000000001,7.5,6.3753515,68.7,11.61,3.8,0.0,0.0,0.0,0.0,33.7879,-117.8531,65.1964741,139761,78513
177,5.185322909,0.29890744199999997,1,1,5.0,0,0,27,0.970426406,0.000150524,47,10.5,876.2776792000001,0,1661.81,6.55,6.42,19.01507752,24.59437152,9.507747197999999,7.541833199999999,7.2,78.5,73.17,0.1,27.5,25.61733725,0.992,10.1,17.8874135,37.7,10.49,8.7,0.0,0.0,0.0,0.0,28.5383,-81.3792,292.9870361,256738,42318
178,11.83588339,0.162492831,0,1,2.810303512,21,0,2,0.87202881,0.001076191,40,3.4,939.7928047,0,696.41,1.75,2.5,4.253475741,26.58297959,3.576466958,10.261927,6.3,93.7,80.76,0.1,17.6,13.53808705,0.996,9.1,4.2028598,39.9,5.55,3.9,0.0,0.0,0.0,0.0,38.9822,-94.6708,193.0893694,181464,72463
179,30.81294069,0.12698672800000002,0,0,2.643081608,0,1,53,0.41118343700000004,0.000679088,44,34.4,2901.1672280000003,1,1811.08,12.42,12.0,1.267921178,50.298902000000005,1.302243298,5.5121519,8.2,78.3,85.02,4.9,29.1,2.934042336,0.823,10.1,15.0290269,63.3,27.45,4.7,0.558736087,0.631465147,0.028826036,0.030782876,34.1975,-119.1771,70.14245785,203495,60621
180,19.78555533,12.84601891,1,1,5.0,0,0,27,0.44800887799999994,0.0008128739999999999,40,12.4,600.6006867000001,1,1126.79,9.34,10.1,12.64685738,14.65073688,1.444702125,10.8220301,5.8,84.2,72.58,4.4,30.5,27.96582709,0.988,13.5,17.0593057,17.2,12.11,4.4,1.075922899,1.4237919630000002,0.010787356000000001,0.012768725,28.0345,-80.5887,175.1779549,105212,43163
181,10.45625624,0.20980488100000003,0,1,2.71995682,0,0,53,0.472856784,0.000361114,48,25.8,572.3372178999999,0,1340.99,7.44,7.14,4.420390141,11.39682119,1.002093546,5.0608614,8.8,84.0,77.85,4.0,37.8,3.4060438910000004,0.9940000000000001,10.9,17.2752809,20.6,15.51,6.2,0.0,0.0,0.0,0.0,34.5794,-118.1165,273.74071630000003,156672,52392
182,10.45625624,0.36113679600000004,0,1,2.4739881009999998,0,0,53,0.474780682,0.000361114,48,12.6,2344.222065,0,4796.37,20.98,23.79,0.007412686999999999,33.75977041,4.467508703,10.745195800000001,5.8,86.4,90.57,0.3,24.9,11.62203329,0.98,10.3,6.0235441,75.8,9.1,10.4,0.0,0.0,0.0,0.0,34.1478,-118.1445,59.67821995,139899,72402
183,32.85981874,0.188991585,0,1,5.0,0,0,11,0.388154259,0.000328026,47,28.5,1315.602556,13,1042.3,18.27,18.78,18.96682391,38.46175953,3.410962127,6.6225434000000005,8.4,71.1,85.75,3.9,20.9,20.88451635,0.995,11.3,17.3095663,62.3,21.84,6.1,2.765362398,3.672338535,0.008761102,0.010720021000000001,29.6911,-95.2091,116.32388470000001,153036,48004
184,0.030011761,0.20326744800000002,0,1,3.375596259,14,1,23,0.48990810100000004,0.000173374,47,28.6,6585.065778,5,621.36,29.61,28.11,21.75729007,60.616871700000004,4.428963106,8.3695425,8.0,77.2,94.5,0.2,37.5,13.14021006,0.998,8.5,37.7489137,85.8,25.04,31.5,0.0,0.0,0.0,0.0,40.9168,-74.1718,22.32126526,146987,32915
185,6.293377526,0.107699642,0,0,3.7958119439999995,19,0,42,0.728699705,0.000232211,49,8.8,1731.1058670000002,11,1589.59,100.0,100.0,19.45785634,28.85734957,2.792108134,13.147353599999999,5.6,85.7,86.36,1.2,30.4,17.06394403,0.978,9.8,10.197432800000001,25.5,6.28,7.2,0.0,0.0,0.0,0.0,26.0078,-80.2963,93.72217097,162243,61279
186,11.40665915,0.03434197,0,0,3.813670521,20,0,18,0.632207635,0.000429552,44,7.6,355.9931393,11,1261.98,6.74,7.14,4.396714317,9.621911549,0.35438459299999997,10.3519492,6.1,89.7,64.53,5.5,22.6,1.8287381169999999,0.997,11.6,8.1279443,10.0,8.95,5.6,0.0,0.0,0.0,0.0,33.5806,-112.2374,459.739197,163664,65314
187,31.99744296,0.118523981,1,0,4.660237549,17,0,0,0.715299804,0.001186455,43,11.5,899.5789868999999,0,997.81,9.19,9.08,4.94062385,33.68959576,9.685188222,11.528609800000002,7.4,90.6,89.5,0.9,24.6,23.05309624,0.997,11.7,18.256101899999997,75.4,9.67,13.6,0.0,0.0,0.0,0.0,40.6936,-89.589,128.7791308,115847,45552
188,0.217676287,0.163559689,1,1,3.97435573,16,7,27,0.643931126,5.920000000000001e-05,55,18.0,4310.2187460000005,5,3488.22,3.19,3.17,12.49264553,51.90659954,4.810066672,11.58248,6.9,86.9,91.7,0.2,30.8,15.21187403,0.995,15.9,26.796317,88.8,11.09,32.1,4.049072969,5.041760124,0.001131572,0.002064253,39.9526,-75.1652,360.78725739999993,1555072,38253
189,11.40665915,0.10863779800000001,1,0,3.145631481,20,3,18,0.44291134299999996,0.000429552,44,19.3,1130.9474480000001,2,2995.58,10.31,10.26,3.729408137,29.70531445,3.460554957,6.917105800000001,7.5,79.7,80.91,3.1,23.3,2.164079959,0.99,9.8,17.365156699999996,46.4,14.94,9.1,0.0,0.0,0.0,0.0,33.4484,-112.074,1338.884493,1514208,47326
190,17.69458426,0.27708119800000003,1,1,4.60448598,17,0,8,0.767448708,0.00047679199999999997,44,8.6,2045.909423,10,2789.63,11.22,10.79,10.39355752,41.80169686,15.18984859,12.6558867,5.0,91.1,95.72,0.3,26.9,28.07631292,0.995,13.9,18.7947278,88.4,8.49,24.4,0.0,0.0,0.0,0.0,40.4406,-79.9959,149.53154650000002,305928,40715
191,17.66200426,0.04638406,0,0,0.0,21,2,3,0.6629466070000001,0.001540219,42,6.5,1479.583119,6,1001.55,15.33,17.34,5.031870958,46.98436805,4.959277331,6.145068599999999,5.8,87.1,81.67,0.5,18.5,11.24393791,0.998,6.7,4.3314699999999995,21.3,5.79,3.3,0.0,0.0,0.0,0.0,33.0198,-96.6989,186.2990977,275645,83793
192,10.45625624,0.065848589,0,0,2.7650918630000003,15,0,53,0.47656714200000005,0.000361114,48,32.5,2560.386208,0,2140.53,28.61,31.92,17.71856389,40.98288231,9.858124716,6.033826,7.4,78.5,92.59,4.3,34.0,4.691449927,0.887,8.6,15.927675400000002,69.4,19.3,7.6,0.0,0.0,0.0,0.0,34.0551,-117.75,59.26957406,151753,49186
194,5.460001635,0.444351664,0,0,5.0,17,0,42,0.805030582,9.719999999999999e-05,41,12.8,559.7413687999999,12,2942.83,8.44,8.48,9.030580537,14.34094254,1.8540690709999998,10.7276135,5.5,81.6,53.31,1.2,30.0,22.26264491,0.99,14.8,13.75019,10.3,12.46,3.9,2.47247957,3.358247992,0.005982912,0.009137262,27.273000000000003,-80.3582,307.38124710000005,172054,49813
195,0.32954515300000004,0.13814082,1,0,5.0,20,2,4,1.027196936,0.000307564,42,7.5,1190.7660130000002,0,4227.92,2.09,2.34,9.072151113,32.56736849,13.03955482,10.929977800000001,5.1,88.8,88.75,0.3,26.4,36.506018100000006,0.998,12.4,21.7835918,80.1,9.49,18.1,0.9821025720000001,1.415250414,0.018186729,0.020748436999999998,43.6615,-70.2553,55.83800619,66490,46280
196,27.42151207,0.300030003,0,1,3.1151212669999997,21,1,3,0.51549329,0.000415139,53,8.7,1625.75002,0,3386.16,16.75,17.68,12.97595711,43.7957905,3.474320735,8.981103,5.8,87.7,87.15,1.5,27.5,23.85413703,0.995,12.5,20.4578092,73.0,8.48,14.8,2.298082672,2.320624104,0.000935345,0.0009526560000000001,45.5231,-112.6765,376.5683483,612206,55003
197,1.602409332,0.376738556,0,0,1.27728685,14,0,3,0.28932899,0.00019985400000000001,47,25.8,3702.7820020000004,0,2435.96,13.41,12.33,20.24497285,68.90384722,9.973136333,8.4513915,6.2,83.5,93.82,0.1,28.8,14.96832529,0.993,12.3,32.7190514,84.2,12.55,19.7,3.439668681,5.424222072999999,0.004343764,0.004457686,41.824,-71.4128,48.25560886,178680,37501
198,11.97431316,0.24835994600000003,1,0,2.8450789960000002,20,0,0,0.395837483,0.000717447,39,9.5,1018.88715,0,872.74,4.51,4.77,13.66298918,22.57495535,3.5285447999999997,4.171537600000001,8.4,85.5,85.68,2.3,26.5,18.90626795,0.9990000000000001,7.7,11.053344000000001,52.1,11.18,4.4,0.0,0.0,0.0,0.0,40.2338,-111.6585,113.2068453,115345,41291
199,17.47512438,0.166888623,0,0,5.0,0,0,0,0.633865847,0.00011144200000000001,44,14.7,795.9775815,0,736.68,8.82,8.46,4.215793884,28.7354718,7.198837823,14.085874800000003,6.6,87.6,89.32,2.8,28.5,4.101377073,0.9940000000000001,20.1,24.398252,76.0,13.01,12.1,0.0,0.0,0.0,0.0,38.2544,-104.6091,135.7739244,108073,34550
200,16.37494059,0.40483890299999997,0,1,5.0,21,0,4,0.867432955,0.001533782,42,9.5,1168.746039,11,1489.75,4.76,4.34,8.873359136,21.31045932,3.770923888,6.9820269,6.6,86.2,68.98,1.3,23.9,47.52132573,0.998,8.2,10.1381731,29.9,8.89,6.1,0.0,0.0,0.0,0.0,35.7796,-78.6382,370.0718424,432520,55398
201,11.19193384,0.093215996,0,0,5.0,0,0,53,0.561993008,0.000103591,47,9.0,1670.338186,0,2476.86,6.05,6.52,3.623777451,39.49282676,0.320031654,6.178493799999999,5.9,89.9,73.33,2.5,29.3,3.64617503,0.993,8.5,7.2212165,31.1,7.8,3.8,0.0,0.0,0.0,0.0,34.1064,-117.5931,102.88814649999999,171858,77396
202,9.36805335,0.07906196,1,1,5.0,17,0,0,0.616441107,0.000558596,43,14.3,863.2712974,0,1364.62,9.42,9.38,6.156946047999999,30.44137465,5.154573136000001,11.282684800000002,6.6,81.5,76.25,4.5,24.5,5.649438755,0.9940000000000001,11.6,12.2026809,44.0,13.27,10.2,0.0,0.0,0.0,0.0,39.5296,-119.8138,271.2484484,234161,47012
203,10.49677557,0.046713733,0,1,3.353000047,15,0,12,0.758837619,0.000947022,50,22.9,1417.209069,0,2549.01,8.89,9.17,8.983914276,38.32148805,0.464696971,8.1329619,7.2,82.6,89.49,0.4,27.2,18.22780801,0.9590000000000001,11.5,12.6930463,68.7,21.72,10.1,2.302108795,4.262200619,0.007636046,0.008778186,37.9358,-122.3477,75.9217552,107597,55102
204,1.5666113430000002,0.827298839,0,0,5.0,19,1,40,0.750391323,0.00011696700000000001,53,16.8,1334.759018,0,4836.61,17.06,16.12,9.901326798,29.49969123,9.240414532,11.1058883,6.3,83.1,93.12,0.5,28.9,34.8786343,0.995,15.4,17.9056223,82.2,11.63,16.8,0.779002035,2.8647624389999997,0.00329365,0.0033327990000000004,37.5407,-77.436,160.13002869999997,213735,40758
205,11.19193384,0.153997724,0,0,1.516719154,15,0,53,0.470217216,0.000116186,48,21.5,1504.2752169999999,0,2506.91,7.84,7.78,16.06479703,33.1025419,2.747087739,7.3772557,6.8,82.8,85.89,2.2,29.4,4.097742885,0.9840000000000001,9.5,12.3231836,61.0,15.16,6.0,0.0,0.0,0.0,0.0,33.9533,-117.3962,210.2906412,316335,57196
206,17.29124369,0.309565728,0,0,5.0,21,0,4,0.7864518690000001,0.003496127,41,6.5,780.3161066,0,1320.76,14.53,14.76,14.34877161,23.5581928,19.22466561,9.5796856,7.5,93.9,77.71,2.3,22.4,13.13001771,0.993,9.5,9.176330400000001,48.1,8.36,7.6,0.0,0.0,0.0,0.0,44.0121,-92.4802,141.3209327,110275,64554
207,17.24748113,0.37311534399999996,0,0,0.474428195,18,0,17,0.611524058,0.0013651720000000002,44,19.5,2224.399731,0,1099.13,11.76,11.48,8.746149546,44.72402101,7.867327812999999,8.7764313,7.1,90.1,97.52,0.3,35.1,24.08000453,0.992,17.3,36.107579799999996,91.5,10.75,25.8,0.0,0.0,0.0,0.0,43.161,-77.6109,94.74241391,210745,30960
208,33.49645359,0.06381766400000001,0,0,0.345779545,16,0,16,0.702360442,0.000499244,41,16.9,943.9967765,0,775.35,0.06,0.06,11.844484,36.72289623,5.702574476000001,12.3499377,7.5,87.6,93.28,0.7,28.6,14.59903065,0.997,14.7,25.2463328,78.1,12.7,12.1,0.0,0.0,0.0,0.0,42.2711,-89.094,159.1986368,150283,38716
209,7.339846128,0.34462483299999996,0,1,4.906811846,0,0,14,0.8731990890000001,0.00043955400000000004,41,5.5,1361.3115699999998,0,5275.49,23.07,22.36,0.010356724,40.495284600000005,5.287864035,11.5453198,6.3,91.9,65.65,1.4,25.0,8.372302055,0.995,9.7,6.1872945999999995,23.2,7.13,4.6,0.0,0.0,0.0,0.0,38.7521,-121.288,92.79800654,126327,75867
210,7.339846128,0.085996122,0,0,2.294208136,0,0,14,0.570634306,0.00012689,48,16.6,1873.7682079999997,0,2782.48,8.22,8.68,25.01511286,43.3656696,4.534236713,9.4076381,7.0,86.7,83.42,1.7,28.0,9.492967427,0.9940000000000001,13.0,15.0618739,60.1,11.14,10.7,0.0,0.0,0.0,0.0,38.5816,-121.4944,256.4703563,480566,50739
211,10.36320989,0.34365733299999995,0,1,0.185220496,19,0,3,0.31928252,7.42e-05,45,13.1,1275.725199,0,1372.36,6.02,5.87,9.235553772000001,38.22553521,2.381130943,10.3223683,7.2,86.6,85.21,5.2,23.6,15.53069716,0.997,14.5,25.370264499999998,56.9,14.67,8.8,0.0,0.0,0.0,0.0,44.9429,-123.0351,125.42513079999999,160008,47191
212,25.40946315,3.682620309,0,1,1.27728685,0,1,12,0.365837853,0.00017271900000000002,49,40.5,2607.718509,9,387.22,2.2,1.96,5.740433619,43.25329302,2.838458865,6.096547,9.2,78.7,90.32,3.5,25.7,2.658682993,0.98,7.6,11.2638169,58.8,33.66,5.6,0.0,0.0,0.0,0.0,36.6777,-121.6555,59.57928337,155366,49840
213,12.72197593,17.61747006,0,0,4.530804084,21,1,0,0.5259051889999999,0.000546824,41,12.6,665.6023032,6,1691.17,9.84,9.6,1.588629245,28.06487924,7.919068172,9.6999867,7.2,82.4,92.64,0.5,23.0,12.38579178,0.997,10.7,12.094783,78.8,10.14,12.1,0.0,0.0,0.0,0.0,40.7608,-111.891,286.47587169999997,190679,47243
214,13.19363105,0.053832044,1,1,5.0,21,7,29,0.514537186,9.75e-05,46,18.6,1151.066722,13,3538.4,10.6,11.96,10.00114156,29.07096453,5.259990056,8.3508478,7.3,80.6,79.6,1.6,22.8,29.11694194,0.9940000000000001,14.0,17.0012995,49.2,13.39,9.0,0.0,0.0,0.0,0.0,29.4241,-98.4936,1228.322367,1413881,46744
215,11.19193384,0.18041148199999998,1,1,4.112264778,0,0,53,0.551167119,0.000103591,47,31.8,1391.1328740000001,0,1026.44,5.32,5.9,13.97587629,33.44990446,3.596248692,7.502605099999999,8.4,79.1,93.46,6.4,36.7,2.9760258210000003,0.965,13.1,28.9822855,67.5,18.88,11.8,0.0,0.0,0.0,0.0,34.1083,-117.2898,153.9119692,214112,37047
216,30.81294069,0.785961108,0,1,5.0,0,0,53,0.63438151,0.000679088,44,10.9,1935.127211,3,0.0,6.91,5.8,6.564856845,43.35909974,4.270011662,12.1865022,6.7,88.1,91.61,5.1,24.8,5.018740845,0.973,11.0,7.838358199999999,70.5,10.76,6.5,0.128559491,0.18549298,0.004463336,0.006818172,34.2746,-119.229,56.27485334,108899,66995
217,11.948878599999999,1.012821263,0,0,3.6864170730000003,0,4,7,0.574847277,0.0016940229999999998,45,12.7,1595.26207,0,1927.35,73.52,79.42,6.652026397999999,35.80810976,3.157838227,8.0269475,6.4,85.9,88.4,1.2,26.1,5.458818036,0.943,8.9,7.2547213,58.7,8.73,7.2,0.494414215,0.787621039,0.00075884,0.004778569,32.7157,-117.1611,852.3934877,1359791,66116
218,10.49677557,0.244145013,0,1,5.0,20,6,12,0.559041888,0.0015366989999999999,55,13.0,6955.040792,0,8499.72,82.7,83.61,0.16191319,61.22999226,5.126295995,10.2347383,4.5,91.5,92.21,0.2,20.8,12.93611158,0.956,10.5,6.3506441,82.5,6.85,30.5,0.322445208,0.544267528,0.00045526599999999996,0.0006633339999999999,37.7749,-122.4194,120.88541609999999,840763,81294
219,26.12850839,0.131905438,0,1,4.283326936,20,3,12,0.504133434,0.007799699,48,17.3,2188.0392079999997,0,3631.49,17.22,18.08,64.36537645,39.31848581,1.25691905,6.6405343,6.8,89.1,88.79,3.3,26.3,10.02539672,0.986,8.3,8.170933900000001,64.9,11.31,5.4,0.32891713100000003,0.506064784,0.001747751,0.002148785,37.3382,-121.8863,457.4232473999999,1000860,84647
221,10.45625624,0.19489986,0,0,5.0,0,0,53,0.35164403,0.000914935,45,45.2,4687.597927000001,8,1070.72,9.24,9.1,29.94405288,64.427433,1.542302291,5.2770978,8.1,72.5,96.57,5.4,31.3,3.4806454060000003,0.8370000000000001,8.9,18.6283559,80.7,25.46,6.9,0.0,0.0,0.0,0.0,33.7455,-117.8677,71.09568807,333268,52253
222,26.12850839,0.91369956,0,1,4.66866597,0,2,12,0.45515710299999995,0.007799699,48,8.1,2571.623049,0,4015.0,66.34,65.56,84.52922185,62.08282371,2.69415196,6.4973638,7.6,91.9,87.43,0.2,22.8,7.828935447,0.986,7.2,3.9716345,69.6,6.04,5.3,0.159012639,0.27353469399999997,0.000393849,0.000542805,37.3541,-121.9552,47.19743045,121374,98914
223,10.45625624,0.15107421699999998,0,1,5.0,0,0,53,0.49157894700000004,0.000361114,48,11.0,1322.24014,0,238.39,10.2,10.73,10.16959823,26.02191074,1.322589608,7.7354128,5.9,88.6,86.58,3.8,24.1,7.79155282,0.99,9.8,5.1327492999999995,38.6,9.26,4.4,0.0,0.0,0.0,0.0,34.3917,-118.5426,136.0947944,179950,83554
224,18.904498699999998,0.083262997,0,0,2.723934827,0,0,12,0.6912679559999999,0.00047063300000000003,49,14.3,1618.316452,0,2697.55,36.82,36.24,11.40749469,32.51464677,2.969790662,12.8198727,6.0,87.5,85.5,3.4,26.7,17.77849887,0.9940000000000001,12.3,9.504119300000001,53.9,15.05,6.3,0.0,0.0,0.0,0.0,38.4404,-122.7141,106.32407509999999,172066,61050
225,22.46623605,2.090470446,0,1,1.937889288,19,0,1,0.42295862799999995,0.00010025399999999999,45,14.0,506.02828830000004,1,1362.63,16.25,16.41,37.04320084,15.02155597,8.634261365,10.8129096,6.7,79.4,85.93,1.8,30.6,39.35766286,0.996,13.6,17.358612100000002,67.7,13.81,12.9,0.0,33.679916600000006,0.310262916,0.332886253,32.0835,-81.0998,282.432827,142919,36466
226,11.40665915,0.22925188,0,0,1.7295867530000002,21,3,18,0.650438403,0.000429552,44,3.8,477.3979699,0,2867.35,1.18,1.28,9.546355428,17.04473258,3.969736802,12.6103257,4.2,92.0,82.47,1.0,20.6,2.174881183,0.997,9.9,4.454034200000001,32.7,3.44,4.2,0.0,0.0,0.0,0.0,33.4942,-111.9261,476.4808699,227471,73288
227,14.90240839,0.12211902300000001,1,0,4.60448598,21,4,5,0.669829245,0.002031034,49,6.6,2500.758695,13,5029.53,27.0,27.43,1.311914498,44.61820853,5.692041708,9.284873900000001,5.2,91.2,82.3,0.4,20.1,16.09859066,0.9890000000000001,9.4,10.8898875,66.5,5.72,16.4,13.22936463,13.32369601,0.009662421,0.009912005,47.6062,-122.3321,261.12755350000003,653017,70594
228,11.10429448,0.17306329899999998,0,0,2.719952662,16,1,6,0.642261372,6.28e-05,44,14.5,637.8669949,10,2948.23,11.55,11.1,28.56635536,27.04257503,13.38899583,11.1406452,7.5,83.4,89.3,2.9,25.8,37.15402516,0.997,14.1,18.9664516,70.6,12.91,11.8,0.0,0.0,0.0,0.0,32.5252,-93.7503,313.56850499999996,200015,38583
229,30.81294069,0.158958355,0,0,0.0,0,1,53,0.556754077,0.000679088,44,9.5,1157.160284,12,648.4,11.56,12.93,9.827550556,22.68927288,1.1419236659999998,8.3793958,5.7,90.1,86.22,1.8,27.9,7.183700328,0.98,9.5,4.9342419,53.1,9.09,3.6,0.0,0.0,0.0,0.0,34.2694,-118.7815,108.97626000000001,126103,90210
230,0.0,0.257900134,0,1,5.0,0,0,6,0.713469417,0.00011176799999999999,38,9.1,867.7488304,0,490.18,9.39,8.42,24.11802634,27.73787961,7.003730049,8.8559309,8.1,90.2,74.27,4.1,17.8,7.162922066,0.992,10.3,11.542921699999999,46.6,10.75,6.0,0.0,0.0,0.0,0.0,43.5446,-96.7311,189.3877517,164341,52494
231,22.76958327,0.150414192,0,0,3.032913698,0,0,7,0.763020798,0.000370445,40,16.5,935.7536207,0,1654.67,3.8,3.87,8.153115509,37.54131614,4.423898996,11.5772663,8.0,83.6,94.41,1.0,26.5,14.12404368,0.998,15.1,21.9301359,82.2,11.82,13.4,0.0,0.0,0.0,0.0,41.6764,-86.25200000000001,107.4962445,100590,34523
232,8.888985482,0.09205772,0,0,4.594862664,19,0,0,0.6741172790000001,0.000216292,42,8.4,1338.508446,0,1093.88,15.93,16.6,3.90604501,38.86728425,6.545005814,11.825662199999998,6.9,88.4,89.97,1.5,27.1,10.53657689,0.997,15.8,24.280154800000002,73.4,10.52,11.0,0.0,0.0,0.0,0.0,47.6588,-117.426,157.41028799999998,210695,42386
233,3.3705322580000003,0.314340155,0,0,2.411557571,15,0,0,0.84182677,0.000185915,39,9.2,694.7445094999999,0,2208.7,12.14,10.86,14.02127552,32.01676113,8.175224883,13.2081068,6.3,91.2,89.53,4.3,26.9,14.98016318,0.995,15.3,16.5279288,66.1,8.46,9.9,0.0,0.0,0.0,0.0,39.7817,-89.6501,168.49503430000001,117061,49868
234,13.00469669,0.141276195,0,0,3.97435573,19,1,16,0.631503033,0.000209383,43,23.6,1811.88414,9,1846.55,4.93,4.63,15.61417482,37.50232734,7.690958577000001,10.475522999999999,7.1,94.6,95.57,0.8,36.3,32.01212554,0.9940000000000001,19.5,39.1434836,86.2,11.98,22.7,0.0,0.0,0.0,0.0,42.1015,-72.5898,84.96514573,153947,34728
235,11.6931102,0.928379752,0,0,1.58334778,20,0,6,0.7578432279999999,8.47e-05,39,11.7,775.8044855,0,2194.46,9.59,8.59,4.803305993,35.71021599,11.02813212,12.5441994,5.9,82.9,87.57,2.3,26.2,13.44047715,0.998,15.2,15.6563956,61.4,10.87,8.9,0.0,0.0,0.0,0.0,37.209,-93.2923,211.0879778,163763,33557
236,15.48269021,0.30748032,0,0,2.347748518,15,2,5,0.685283491,0.000324052,52,15.9,1878.833848,0,4580.42,8.86,10.07,9.850448745,53.11672613,9.602013527999999,10.672494699999998,6.7,83.4,94.85,0.4,28.1,8.929001431,0.997,15.0,25.1291605,88.6,10.07,21.7,0.0,0.0,0.0,0.0,38.626999999999995,-90.1994,169.1740865,317850,35599
237,15.47035723,0.156935745,0,0,0.0,20,2,4,0.719732527,0.000771694,47,13.5,2028.2001489999998,0,2367.59,41.92,44.74,6.647464565,43.16896381,5.812712045,8.808900099999999,7.8,89.4,93.53,0.2,26.4,11.87940367,0.9890000000000001,12.0,19.4684391,82.7,9.04,14.3,0.0,0.0,0.0,0.0,44.9537,-93.09,145.4703571,295043,48757
238,8.723979737,0.246806138,0,1,0.68334697,0,0,27,0.7361405809999999,0.00027483200000000003,45,10.5,1475.280855,0,1370.69,18.67,17.06,44.41685206,36.76594704,5.3846429979999995,12.600172599999999,5.0,83.8,93.2,3.1,25.2,24.79299682,0.9890000000000001,13.2,15.3495253,78.4,9.14,10.3,6.830120496,11.43977377,0.064391662,0.10269467800000001,27.7518,-82.6267,169.9425565,250713,45748
239,9.990497827,0.334346003,0,1,3.1658515389999997,20,0,6,0.7200908420000001,0.000676608,45,11.0,1285.334708,0,3210.67,8.22,8.33,19.17717624,22.37547393,2.409314965,10.678247500000001,6.7,85.7,88.59,0.0,25.7,49.07206155,0.998,8.3,9.4350066,65.9,14.75,11.1,1.173849848,2.939364257,0.006093815,0.010430255,41.0534,-73.5387,98.48952119,126592,79359
240,19.33395333,0.236837847,0,1,4.094523588,0,1,4,0.703528523,0.00041535599999999997,36,13.2,1385.8811660000001,0,457.97,10.67,11.62,7.188890177999999,45.44144561,7.26709827,11.243022400000001,5.1,89.7,89.57,3.3,25.8,11.05966175,0.997,13.0,14.2585551,62.3,8.37,5.2,0.0,0.0,0.0,0.0,42.5803,-83.0302,94.62499614,131139,60089
241,18.67837113,0.197628458,0,0,0.0,16,0,14,0.502259581,0.000132665,47,25.1,1806.169363,2,1401.05,10.49,10.29,11.56682586,46.2456904,1.8884165990000001,8.2053224,7.9,84.6,81.82,1.0,33.3,6.650735313999999,0.992,12.7,19.940501899999997,55.0,18.85,10.0,0.0,0.0,0.0,0.0,37.9577,-121.2908,165.9434636,299722,44797
242,26.12850839,3.4535283530000003,0,1,4.478620174,0,1,12,0.575827227,0.007799699,48,8.6,2630.585913,8,704.32,6.98,7.28,9.003449016,53.22553905,4.393364737,7.1241878,8.2,91.9,91.32,7.1,16.5,8.60522237,0.9890000000000001,6.6,3.8751951,67.9,6.51,5.0,1.332181565,1.3558018059999999,0.000949828,0.0011093989999999998,37.3688,-122.0363,56.32889588,148178,105401
243,11.40665915,0.031233326000000002,0,0,4.283326936,0,0,18,0.665526091,0.000429552,44,7.1,452.57354979999997,0,433.88,2.5,2.56,6.25480252,10.90759182,0.0,10.378656699999999,6.7,92.1,33.45,4.5,22.4,1.330341025,0.997,11.6,8.1258046,4.2,9.03,2.8,0.0,0.0,0.0,0.0,33.6292,-112.3679,273.5754223,123813,59916
244,17.54601614,0.12225698800000001,0,1,4.660237549,17,0,4,0.5287839910000001,0.000416396,41,19.8,2192.967875,3,2071.71,3.11,3.19,1.775579698,44.52445313,9.767300296,11.2484255,7.0,90.3,98.0,0.2,33.2,17.33385342,0.993,15.4,31.6971213,91.0,10.35,28.8,0.0,0.0,0.0,0.0,43.0481,-76.1474,65.92162233,144564,31881
245,14.90240839,0.127370754,0,0,2.636675366,18,0,5,0.640460702,0.00018005900000000002,43,12.4,1557.629101,13,5354.1,11.73,11.57,3.31469168,51.88939781,4.486905411,10.4737681,6.4,85.2,89.58,0.4,26.8,14.16797144,0.9940000000000001,15.2,21.6447751,69.7,13.43,9.7,0.490463483,0.539608121,0.0053132890000000006,0.0054234090000000006,47.2529,-122.4443,130.63507859999999,203481,52042
246,4.434800299,0.388904959,0,0,0.743676151,0,0,14,0.861970296,0.000169647,43,7.5,690.4497259999999,12,1895.45,25.98,26.32,12.15710872,13.69117879,4.23475062,7.6719363,5.0,87.7,78.25,2.3,36.8,50.8559365,0.995,9.3,15.2511158,40.6,6.99,8.3,0.0,0.0,0.0,0.0,30.4383,-84.2807,270.8727268,187024,39681
247,8.723979737,0.12289117699999999,0,0,0.9815901370000001,0,0,27,0.7412304559999999,0.000229491,44,13.4,1134.111386,0,2506.82,4.12,4.2,28.24969983,33.191700899999994,10.15177037,9.464818,6.1,84.4,78.03,1.6,27.7,29.44598491,0.99,12.5,20.4447663,54.0,10.3,11.4,5.979139658999999,7.850327472000001,0.021323841,0.036097024,27.9506,-82.4572,313.552094,355603,44185
248,11.19193384,0.263282993,1,0,2.965160145,0,0,53,0.587577734,0.000116186,48,8.6,1373.767457,0,433.66,1.89,1.95,3.2853423999999998,32.0675036,1.306542981,4.942896299999999,6.1,89.3,63.77,0.7,28.2,4.365476739,0.995,7.7,5.820009099999999,7.9,8.32,3.0,0.0,0.0,0.0,0.0,33.4936,-117.1484,77.99937276,107153,79925
249,11.40665915,0.032215111,0,0,4.248791956,20,0,18,0.399162805,0.000429552,44,8.3,1633.544729,13,1890.37,9.19,8.57,0.268449672,51.16624154,0.38276723,6.1842308,4.5,85.1,87.37,2.8,25.4,3.6206139210000003,0.992,8.3,11.0137324,47.4,7.47,10.4,0.0,0.0,0.0,0.0,33.4255,-111.94,103.955525,169816,49012
250,10.10084277,0.145006928,0,1,4.60448598,0,0,0,0.8086421309999999,0.000299232,46,12.5,1386.13571,0,1240.19,2.12,2.0,17.54444935,27.15970913,1.456675647,5.1196139,7.9,86.2,66.15,6.5,20.6,3.534551922,1.0,9.0,9.7823285,29.0,12.41,3.7,0.0,0.0,0.0,0.0,39.868,-104.9719,92.1179644,127688,66948
251,30.81294069,0.35470751899999997,0,1,5.0,0,1,53,0.893312887,0.000679088,44,7.6,903.0303954,0,1285.35,12.36,12.03,1.8192864169999998,19.9502777,3.1423793410000003,10.0126329,4.4,91.1,88.32,2.3,26.3,8.89893952,0.985,9.3,4.1427078,58.1,6.76,4.5,0.0,0.0,0.0,0.0,34.1706,-118.8376,142.370623,128565,100946
252,29.87448191,0.171175351,0,1,5.0,16,0,18,0.65295652,0.000174208,42,14.8,1312.442652,4,1117.53,13.4,12.87,13.03833097,42.18658858,6.543264547000001,11.514408999999999,7.0,87.6,96.67,1.9,28.0,17.86184257,0.996,17.4,27.915188300000004,87.3,13.96,14.5,0.0,0.0,0.0,0.0,41.6639,-83.5552,215.0760641,282275,33687
253,10.16724454,0.29227241800000003,0,0,3.368071252,18,0,2,0.7051296779999999,3.9200000000000004e-05,41,11.4,810.81272,0,2418.03,0.17,0.19,14.13777466,29.67511663,6.900495017999999,12.6330367,7.5,86.4,91.45,3.0,22.4,13.52968181,0.997,16.2,15.3744,72.3,13.3,9.6,0.0,0.0,0.0,0.0,39.0558,-95.689,157.4617626,127672,42250
254,10.45625624,0.137705921,0,0,2.643081608,0,0,53,0.48577773799999996,0.000361114,48,6.5,2780.214644,12,586.66,9.88,9.64,0.15656396,63.4084407,7.392149821,11.1129169,5.4,91.1,96.0,1.8,23.9,4.665240913,0.9840000000000001,9.6,3.5321523,83.5,5.14,5.2,0.0,0.0,0.0,0.0,33.8358,-118.3406,53.08546961,147589,79549
255,15.64390904,0.041745519,0,1,5.0,18,3,18,0.552659977,0.000641939,47,15.8,895.6989200999999,13,1252.66,9.61,9.02,10.41016818,22.95850036,5.742144768999999,11.111165,6.2,83.6,86.46,6.2,28.3,2.73698098,0.991,14.8,20.3322639,57.6,13.48,12.9,0.0,0.0,0.0,0.0,32.2217,-110.9265,589.9013476,528374,37149
256,12.60530364,0.124521615,1,1,5.0,20,0,4,0.591244059,0.00014759299999999998,41,13.1,771.1184165,3,1809.34,28.73,30.98,9.639174184,28.33882497,8.219412081,10.5653884,7.3,80.4,92.5,1.6,22.0,18.25189858,0.998,14.4,16.664336,70.2,13.0,8.6,0.0,0.0,0.0,0.0,36.154,-95.9928,516.2397778,398082,42284
257,27.62394381,0.505127813,0,1,3.1771862189999998,0,0,14,0.543882389,0.000157368,46,12.6,1348.6428349999999,0,2610.47,13.95,14.1,11.42250931,37.61121597,2.941300055,9.1202446,6.2,86.2,92.01,2.9,34.1,7.354084896,0.995,12.4,14.0746312,63.2,14.01,8.2,10.45926299,11.61057187,0.002393166,0.003237867,38.1041,-122.2566,88.2331459,118995,57028
258,27.42151207,0.327066701,0,0,0.0,19,0,5,0.659108395,0.000537676,45,10.3,1298.1809779999999,13,1688.52,4.81,5.1,2.463507027,42.60649716,3.516810473,11.4353253,6.5,86.0,83.85,2.4,21.8,15.066796300000002,0.997,14.9,20.789858,46.2,12.55,7.3,1.132996132,2.821184171,0.009483297,0.023702762000000002,45.6318,-122.6716,129.45036389999999,168050,50626
259,11.19193384,0.537385581,1,0,1.7897955319999999,0,0,53,0.616807952,0.000103591,47,21.7,635.0137212000001,5,220.35,11.41,9.76,8.534192441,16.5097312,2.0629147580000002,6.0998557,8.8,84.2,61.93,4.9,35.8,1.322002431,0.9940000000000001,10.7,24.346107999999997,18.8,13.52,6.3,0.0,0.0,0.0,0.0,34.5362,-117.2928,190.0793573,120703,45894
260,1.501617957,0.1349038,0,0,2.953234493,21,1,40,0.5306183289999999,8.03e-05,41,6.7,665.2918847999999,12,2102.9,18.95,21.17,16.57814671,13.94149991,0.985968904,8.489431100000001,6.6,90.0,87.18,1.1,22.6,33.43815076,0.997,10.1,7.431335000000001,44.4,9.55,4.1,5.535033126,8.852082357,0.06063980099999999,0.10623742,36.8529,-75.97800000000001,673.8245426,448290,66634
261,38.60635542,2.6838381730000003,0,0,5.0,0,0,14,0.49850768100000004,2.64e-05,47,17.3,1372.917769,0,447.72,24.46,24.66,23.39417569,39.33481189,4.54467233,7.8983944,8.8,87.4,74.96,3.0,27.2,3.89194964,0.998,12.6,19.398514300000002,44.3,13.89,7.9,0.0,0.0,0.0,0.0,36.3302,-119.2921,93.11701176,127842,52157
262,25.72908149,0.500403255,1,0,3.2164245780000003,20,0,29,0.659591971,7.04e-05,41,20.8,489.79385260000004,0,1386.08,29.1,28.66,32.19447239,15.917640599999999,4.5435898230000005,9.6663028,8.1,80.6,83.92,1.1,30.0,28.17255816,0.997,12.0,18.2773604,62.6,14.8,10.1,0.0,0.0,0.0,0.0,31.5493,-97.1467,263.77015409999996,129193,33147
263,19.33395333,0.129471068,0,0,0.0,0,0,4,0.73494508,0.00041535599999999997,36,15.9,1522.284055,0,1139.05,1.07,1.03,1.639189178,58.61703394,2.72881645,12.1305591,6.0,87.9,96.78,2.8,31.6,6.209043877999999,0.995,16.5,20.0287888,85.9,10.73,8.8,0.0,0.0,0.0,0.0,42.5145,-83.0147,88.58859129999999,134857,43523
264,2.4020348559999998,0.06394032200000001,0,0,2.645669654,20,1,8,0.607321004,0.00022548799999999998,59,10.7,4060.0735990000003,0,8139.31,5.19,4.86,10.21576966,41.93675373,6.318302846,10.1214382,6.2,94.2,89.29,0.0,23.7,23.3111982,0.9890000000000001,11.2,15.607008300000002,81.7,6.58,36.4,1.355400288,1.569459631,0.000973838,0.001041328,38.9072,-77.0369,159.47592680000002,647484,70848
265,12.65920638,0.057063845999999994,0,0,2.614010909,17,0,6,0.709406793,0.000530025,44,20.9,1474.775039,13,1945.27,5.84,5.57,6.7757171629999995,33.57451611,4.792288523,11.329669500000001,7.2,87.8,97.13,0.2,32.2,39.05018851,0.996,13.4,30.8755875,77.9,12.97,19.3,0.0,0.0,0.0,0.0,41.5582,-73.0515,74.28319376,109551,40467
266,10.45625624,0.811062898,0,0,5.0,0,0,53,0.581008515,0.000361114,48,16.9,2596.722053,0,1124.68,10.92,12.12,15.1936242,46.36346162,4.145144987,7.658359299999999,5.7,85.5,96.47,1.0,26.7,6.172911223,0.982,10.9,6.6458982,79.1,10.57,4.6,0.0,0.0,0.0,0.0,34.0686,-117.939,41.52812577,107837,69189
267,12.72197593,0.089873627,0,0,5.0,0,0,0,0.623599016,0.000546824,41,9.3,1316.598017,9,352.34,10.17,12.47,13.51000609,32.41522502,1.670485354,3.5820049,9.0,88.3,68.29,2.6,20.5,4.0174700539999995,1.0,7.7,8.260349099999999,23.1,12.12,2.1,0.0,0.0,0.0,0.0,40.6097,-111.9391,83.20611041,109549,68442
268,6.293377526,0.379266751,0,0,2.4866000919999998,19,0,42,0.7601515209999999,0.00039091800000000003,42,15.6,684.4052259,12,2463.05,42.11,41.74,43.12570004,20.40038971,8.572421516,12.3450837,5.8,78.4,73.9,0.3,27.0,21.62852138,0.9740000000000001,9.8,15.192650800000001,42.9,13.28,10.5,5.711086226,6.9901919139999995,0.0028770859999999996,0.011264047,26.7153,-80.0534,151.35477649999999,103588,45800
269,12.72197593,0.17546658199999998,0,0,5.0,0,0,0,0.42723004600000003,0.000546824,41,22.8,1464.0546470000002,6,1142.47,6.6,8.3,1.9820110519999998,38.399393100000005,0.7556486609999999,5.0064894,9.4,75.9,82.07,6.6,27.8,6.003561949,0.9990000000000001,9.1,15.234860399999999,49.0,19.55,4.2,0.0,0.0,0.0,0.0,40.6916,-112.0011,91.29440647,133660,52534
270,10.10084277,0.059295904,0,1,5.0,0,0,0,0.775603048,0.0007622060000000001,44,9.0,1275.170532,0,1602.61,2.81,2.75,3.402271427,28.24078846,2.079603609,7.3202491,6.6,88.7,86.75,1.7,21.7,4.914684353,0.998,10.3,7.180567699999999,39.6,10.1,4.6,0.0,0.0,0.0,0.0,39.8367,-105.0372,86.73192898,110598,67081
271,27.76347981,0.128858853,0,0,3.2875412139999995,20,2,2,0.584124534,0.00016780900000000002,38,12.5,923.2297153,1,1984.73,9.01,8.54,9.393357487000001,32.73508046,3.5929504810000004,9.814644,7.9,85.1,87.81,3.1,21.1,12.39536351,0.998,12.4,14.4342759,63.1,12.64,7.1,0.0,0.0,0.0,0.0,37.6872,-97.3301,419.33983880000005,387147,45947
272,32.18080888,0.161343123,1,1,4.86617605,19,0,48,0.489888205,7.58e-05,41,14.7,563.0772188,2,1771.46,12.51,13.59,12.56441324,24.36051074,3.7836189310000004,11.5295699,6.4,82.8,88.98,3.0,22.8,10.26832591,0.997,14.2,14.497311800000002,67.2,12.0,7.7,0.0,0.0,0.0,0.0,33.9137,-98.4934,186.34389119999997,104926,44543
273,0.217676287,0.41541509600000004,0,0,3.041149697,19,0,1,0.806140093,0.000625861,47,16.8,2354.6429559999997,2,2477.49,23.94,22.31,22.59021675,46.1516714,6.988217865,13.0362522,7.5,90.2,92.06,0.3,27.1,11.29818139,0.996,13.3,27.4886604,80.8,11.27,23.8,11.02041957,26.90883171,0.000456691,0.019000586,34.2257,-77.9447,30.38634788,71549,40465
274,18.32145219,0.038801227,0,0,1.846318202,21,0,4,0.923660514,0.00022056299999999998,42,9.7,837.7915578,1,1334.61,19.05,18.18,19.30893264,24.69508384,7.705494741,11.3164688,4.6,85.2,83.34,3.0,26.8,38.08523981,0.9990000000000001,13.5,16.1982447,43.7,10.18,9.3,16.6744049,19.25748674,0.027850992999999998,0.034517669,34.2257,-77.9447,133.68241650000002,111998,42128
275,23.64418336,0.327431833,0,0,1.6631987609999999,21,0,0,0.8666714,0.000376019,43,14.9,689.0892134,0,2005.85,8.45,8.48,8.67333166,18.31840593,7.838845175,10.6833071,7.2,83.6,83.4,2.1,26.2,45.38570597,0.998,10.9,16.1600566,58.8,12.91,10.6,0.0,0.0,0.0,0.0,36.0999,-80.2442,343.4127184,236642,39882
276,19.24006375,0.160462131,0,0,2.380891814,18,0,16,0.569521707,0.000785513,41,15.9,1855.6434829999998,0,3093.88,11.38,10.67,12.84961366,41.76673384,5.545800569,10.9951003,6.2,95.7,93.99,0.4,27.0,34.51982037,0.996,14.4,23.473226800000003,80.7,11.11,17.6,0.0,0.0,0.0,0.0,42.2626,-71.8023,98.82393986,183382,45472
277,1.47534662,0.07208606,0,0,4.094523000000001,16,0,19,0.48208716,0.0013511629999999998,48,17.0,4219.080565,0,1945.6,14.07,14.55,17.20788741,42.42398703,2.100935142,12.9651171,6.5,88.2,95.18,0.1,29.0,29.82931795,0.995,10.9,17.9259097,88.2,12.05,25.5,0.13638528800000002,0.199563768,0.000500462,0.00057269,40.9312,-73.8987,47.269777600000005,199435,59049
