X,Geo_ID,Cold.Instances,Cold.Damage,Heat.Instances,Heat.Damage,Flood.Instances,Flood.Damage,Drought.Instances,Drought.Damage,Name,SQMI,State,County,Percent_of_GDP_based_on_water_intensive_industries,Percentage_of_workforce_in_Farming__Fishing_and_Forestry_2015,Existence_of_drought_management_plans_2015,Existence_of_water_management_plan_2015,water_stress,bond_worth,incentives_energy,corruption,civ_engage,patents,global_warming,edu_12,city_pop,water_quality,debt,floodzone_pop,floodzone_build,floodzone_cars,imp_surface,hosp_beds,alone_65,edu_12.1,young_5,health_ins,build_1999,mobile_home,rent_50,tree_canopy,no_heat,disability,poverty,build_1979,out_work,no_car,total.heat.death,total.cold.death
1,1600000US4075000,1,0,0,0,21,24400,45,9793.908889,Tulsa,200.99,OK,Tulsa,19.32141574,0.124521615,Yes,Yes,5,20,0,4,0.591244059,0.000147593,41,11.5406393,398082,3,1809.34,28.73,30.98,14062362,28.33882497,8.219412081,10.5653884,11.5406393,7.3,80.4,92.5,3.3,22,18.25189858,0.2,14.4,16.664336,70.2,13,8.6,0,0
2,1600000US5370000,15,0,0,0,37,44432,0,0,Tacoma,49.93,WA,Pierce,17.54601614,0.127370754,No,No,2.636675366,18,0,5,0.640460702,0.000180059,43,10.1838396,203481,13,5354.1,11.73,11.57,968027,51.88939781,4.486905411,10.4737681,10.1838396,6.4,85.2,89.58,0.3,27,14.16797144,0.6,15.2,21.6447751,69.7,13.43,9.7,0,0
3,1600000US2567000,0,0,3,0,24,2669516,8,75211.14375,Springfield,33.07,MA,Hampden,3.370532258,0.141276195,No,No,3.97435573,19,1,16,0.631503033,0.000209383,43,21.0948795,153947,9,1846.55,4.93,4.63,3362879,37.50232734,7.690958577,10.475523,21.0948795,7.1,94.6,95.57,3.8,36,32.01212554,0.6,19.5,39.1434836,86.2,11.98,22.7,2,0
4,1600000US0622230,1,0,20,0,4,0,2,17865.5,El Monte,9.65,CA,Los Angeles,10.83474095,0.691209936,No,Yes,5,0,0,53,0.285993612,0.000361114,48,37.5303777,115711,0,938.12,0,0,0,63.01987757,15.06339069,6.4028356,37.5303777,6.6,72.9,94.45,0.1,38,3.754061746,20.2,9.5,16.5582726,74.8,19.22,10,0,0
5,1600000US2965000,0,0,16,0,3,3590000,0,0,St. Louis,66.03,MO,St. Louis,11.6931102,0.30748032,No,No,2.347748518,15,2,5,0.685283491,0.000324052,52,13.8252609,317850,0,4580.42,8.86,10.07,4539483,53.11672613,9.602013528,10.6724947,13.8252609,6.7,83.4,94.85,0.3,28,8.929001431,0.3,15,25.1291605,88.6,10.07,21.7,2,0
6,1600000US0660620,8,3276234,1,0,10,0,0,0,Richmond,29.62,CA,Contra Costa,9.36805335,0.046713733,No,Yes,3.353000047,15,0,12,0.758837619,0.000947022,50,19.8097213,107597,0,2549.01,8.89,9.17,3628273,38.32148805,0.464696971,8.1329619,19.8097213,7.2,82.6,89.49,4.3,27,18.22780801,4.1,11.5,12.6930463,68.7,21.72,10.1,0,0
7,1600000US0619766,8,3046452,0,0,5,57,2,17865.5,Downey,12.57,CA,Los Angeles,10.83474095,0.21651542,No,No,5,16,0,53,0.457511553,0.000361114,48,18.8221343,113407,12,373.73,1.07,1.09,580489,61.45088656,7.406950188,6.3351457,18.8221343,6.9,81.8,97.23,3.4,26,4.035660972,5,8.3,8.882644,85.7,11.77,4.7,0,0
8,1600000US0606000,8,6951688,0,0,22,6453536,0,0,Berkeley,10.54,CA,Alameda,10.49677557,0.154680356,Yes,No,5,19,1,12,0.815422598,0.001952702,55,3.4822872,117384,0,1103.39,2.22,2.17,2746,48.11604906,3.543924215,11.7995514,3.4822872,3.5,93.3,94.5,4.7,32,18.52766785,2.9,8.4,4.6170264,87.4,4.18,20.9,0,0
9,1600000US0665042,9,4520920,5,0,5,9568904,0,0,San Buenaventura,21.82,CA,Ventura,11.49768553,0.785961108,No,Yes,5,0,0,53,0.63438151,0.000679088,44,8.4989036,108899,3,NULL,6.91,5.8,37654297,43.35909974,4.270011662,12.1865022,8.4989036,6.7,88.1,91.61,0.4,25,5.018740845,2.7,11,7.8383582,70.5,10.76,6.5,0,0
10,1600000US3260600,8,24461766,0,0,55,5900743,0,0,Reno,105.88,NV,Washoe,11.49768553,0.07906196,Yes,Yes,5,17,0,0,0.616441107,0.000558596,43,12.3286168,234161,0,1364.62,9.42,9.38,1674540,30.44137465,5.154573136,11.2826848,12.3286168,6.6,81.5,76.25,1.2,24,5.649438755,0.6,11.6,12.2026809,44,13.27,10.2,0,0
11,1600000US4879000,8,8083947,5,0,19,289223,159,154854.0753,Wichita Falls,72.16,TX,Wichita,49.4369548,0.161343123,Yes,Yes,4.86617605,19,0,48,0.489888205,7.58E-05,41,13.2035633,104926,2,1771.46,12.51,13.59,12787841,24.36051074,3.783618931,11.5295699,13.2035633,6.4,82.8,88.98,1.5,23,10.26832591,0.3,14.2,14.4973118,67.2,12,7.7,1,0
12,1600000US0667000,8,5007605,1,0,6,539693,0,0,San Francisco,47.16,CA,San Francisco,12.03547125,0.244145013,No,Yes,5,20,6,12,0.559041888,0.001536699,55,10.9283207,840763,0,8499.72,82.7,83.61,154653605,61.22999226,5.126295995,10.2347383,10.9283207,4.5,91.5,92.21,0.4,21,12.93611158,4.4,10.5,6.3506441,82.5,6.85,30.5,0,0
13,1600000US0669088,8,2286226,2,0,7,54779,2,17865.5,Santa Clarita,52.78,CA,Los Angeles,26.12850839,0.151074217,No,Yes,5,0,0,53,0.491578947,0.000361114,48,9.0158193,179950,0,238.39,10.2,10.73,57294,26.02191074,1.322589608,7.7354128,9.0158193,5.9,88.6,86.58,0.6,24,7.79155282,1,9.8,5.1327493,38.6,9.26,4.4,0,0
14,1600000US5414600,4,115453,1,0,40,1093969,0,0,Charleston,32.66,WV,Kanawha,2.124087591,0.117775721,No,No,0.67651765,0,0,2,0.710022587,6.81E-05,40,7.3620835,50566,0,573.74,58.66,60.63,2178058,19.13123284,17.24478899,14.214179,7.3620835,5.5,89,96.18,1.7,22,52.64641478,0.3,17.9,17.1615567,83.5,8.01,14.4,0,2
15,1600000US1212875,2,0,4,0,27,6848751,0,0,Clearwater,26.31,FL,Pinellas,8.780764806,0.343892867,No,No,3.165851539,0,0,27,0.978696573,0.000274832,45,8.6423289,110381,4,2213.17,20.95,24.35,3772969,41.43985737,4.747193811,16.4316304,8.6423289,6,81.5,92.25,0.2,28,21.15384006,1.3,14.3,14.7921443,62.8,10.35,11.8,0,0
16,1600000US0937000,0,0,4,0,4,281,14,99091.96071,Hartford,18.06,CT,Hartford,11.23175363,0.264089913,No,No,1.58334778,7,1,6,0.675717038,0.000634377,43,26.9287269,124795,13,1584.66,9.72,9.69,1140450,48.44708735,13.87074803,10.2632684,26.9287269,7,85.5,95.98,1.4,33,20.59677078,1.5,15.4,42.9076682,84.7,16.26,33.8,3,0
17,1600000US0653896,0,0,4,0,1,0,0,0,Ontario,50.01,CA,San Bernardino,12.2778812,0.408976042,No,No,3.032913698,0,0,53,0.498348465,0.000103591,47,25.044572,168218,0,1321.73,4.73,4.62,1920801,38.57876194,1.587226099,5.8258575,25.044572,7,79.6,92.32,2.1,30,2.745957402,1.4,8.9,14.3261214,58.1,18.95,4.8,0,0
18,1600000US3755000,72,0,30,0,15,10435130,78,26688.83346,Raleigh,144,NC,Wake,17.97263681,0.404838903,No,Yes,5,21,0,4,0.867432955,0.001533782,42,8.5944779,432520,11,1489.75,4.76,4.34,648358,21.31045932,3.770923888,6.9820269,8.5944779,6.6,86.2,68.98,0.1,24,47.52132573,0.2,8.2,10.1381731,29.9,8.89,6.1,11,0
19,1600000US4817000,0,0,0,0,2,45000,223,799099.0461,Corpus Christi,157.14,TX,Nueces,18.14292574,0.114272577,Yes,Yes,5,19,0,11,0.450984125,7.39E-05,43,16.7895353,316513,8,2026.62,86.46,88.13,167595,27.82605033,6.104014685,8.3071322,16.7895353,6.7,80.9,85.5,1,21,8.555392651,0.4,13.9,17.5801493,56.5,14.81,8.6,0,0
20,1600000US0684200,0,0,0,0,0,0,2,17865.5,West Covina,16.09,CA,Los Angeles,10.83474095,0.811062898,No,No,5,0,0,53,0.581008515,0.000361114,48,13.2071807,107837,0,1124.68,10.92,12.12,588666,46.36346162,4.145144987,7.6583593,13.2071807,5.7,85.5,96.47,0.1,27,6.172911223,1.8,10.9,6.6458982,79.1,10.57,4.6,0,0
21,1600000US0658072,0,0,0,0,0,0,2,17865.5,Pomona,22.96,CA,Los Angeles,22.23597535,0.065848589,No,No,2.765091863,15,0,53,0.476567142,0.000361114,48,28.5844313,151753,0,2140.53,28.61,31.92,1561049,40.98288231,9.858124716,6.033826,28.5844313,7.4,78.5,92.59,1.7,34,4.691449927,11.3,8.6,15.9276754,69.4,19.3,7.6,0,0
22,1600000US1703012,0,0,0,0,0,0,0,0,Aurora,45.8,IL,DuPage,13.92166333,0.168880416,No,Yes,3.97435573,0,0,16,0.601364357,0.000342932,41,20.8910035,200614,0,557.98,3.24,3.18,10112818,39.20365,2.507302581,5.4484206,20.8910035,8,84.7,81.02,0.2,25,9.094849365,0.2,6.8,15.5820274,49.9,15.45,4.9,0,0
23,1600000US2270000,0,0,0,0,0,0,34,91302.11765,Shreveport,120.83,LA,Caddo Parish,14.97286819,0.173063299,No,No,2.719952662,16,1,6,0.642261372,6.28E-05,44,12.371324,200015,10,2948.23,11.55,11.1,1341906,27.04257503,13.38899583,11.1406452,12.371324,7.5,83.4,89.3,0.3,26,37.15402516,0.3,14.1,18.9664516,70.6,12.91,11.8,0,0
24,1600000US1871000,1,0,0,0,1,6834,44,65536.89091,South Bend,41.88,IN,St. Joseph,NA,0.150414192,No,No,3.032913698,0,0,7,0.763020798,0.000370445,40,14.2285167,100590,0,1654.67,3.8,3.87,1327646,37.54131614,4.423898996,11.5772663,14.2285167,8,83.6,94.41,6.6,26,14.12404368,0.2,15.1,21.9301359,82.2,11.82,13.4,0,0
25,1600000US5363000,0,0,6,13223,0,0,0,0,Seattle,99.6,WA,King,12.33724905,0.122119023,Yes,No,4.60448598,21,4,5,0.669829245,0.002031034,49,5.4128702,653017,13,5029.53,27,27.43,3785984,44.61820853,5.692041708,9.2848739,5.4128702,5.2,91.2,82.3,0.8,20,16.09859066,1.1,9.4,10.8898875,66.5,5.72,16.4,1,0
26,1600000US2079000,0,0,0,0,0,0,370,96667.70314,Wichita,163.59,KS,Sedgwick,29.41568964,0.128858853,No,No,3.287541214,20,2,2,0.584124534,0.000167809,38,10.5948912,387147,1,1984.73,9.01,8.54,2374212,32.73508046,3.592950481,9.814644,10.5948912,7.9,85.1,87.81,3.6,21,12.39536351,0.2,12.4,14.4342759,63.1,12.64,7.1,0,0
27,1600000US2511000,0,0,2,0,0,0,7,8377.104286,Cambridge,7.11,MA,Middlesex,0.099105029,0.03174704,No,Yes,3.352415395,21,13,16,0.752106084,0.002221557,46,4.4768515,107916,0,2500.79,7.4,6.03,1858795,59.15223662,4.003113533,10.7120842,4.4768515,4.3,97.3,90.27,0.1,22,17.52340197,2.5,6.9,8.5568823,78.8,2.58,30.6,0,0
28,1600000US0862000,0,0,3,0,0,0,23,53709.92087,Pueblo,54.43,CO,Pueblo,12.39920815,0.166888623,No,No,5,0,0,0,0.633865847,0.000111442,44,13.0354515,108073,0,736.68,8.82,8.46,5636334,28.7354718,7.198837823,14.0858748,13.0354515,6.6,87.6,89.32,0.1,28,4.101377073,0.6,20.1,24.398252,76,13.01,12.1,0,0
29,1600000US3918000,0,0,0,0,0,0,25,67261.472,Columbus,223.11,OH,Franklin,13.07207031,0.102080151,Yes,No,2.714624541,21,1,12,0.771918186,0.000199052,43,9.9147937,824663,4,1815.37,24.7,23.72,2908772,38.50746938,6.312881747,7.7460833,9.9147937,7.6,86.6,85.55,4.6,23,15.6624509,0.2,11.8,18.2565337,57.3,10.06,9.7,0,0
30,1600000US4516000,0,0,0,0,3,0,21,28278.10286,Columbia,134.93,SC,Richland,13.12483711,0.347154572,Yes,Yes,2.616555943,20,0,3,0.802772539,0.000110581,47,11.0702395,131958,2,167.5,10.67,10.7,1896847,13.32829767,13.51945316,9.8278884,11.0702395,5.4,87.4,81.76,0.2,28,48.31612305,0.3,10.9,17.2763223,60.8,9.83,11.6,0,0
31,1600000US4845744,0,0,0,0,1,497898,55,69793.98382,McKinney,62.88,TX,Collin,12.2786493,0.496920493,No,Yes,2.744568605,21,0,3,0.750381121,0.001540219,42,6.4484564,150064,4,246.5,10.97,10.92,10365171,26.15084157,2.15241497,5.8725597,6.4484564,7.9,86.6,39.13,0.1,18,18.00707362,0.3,6.4,3.7320385,10.3,6.94,3.7,0,0
32,1600000US1723074,1,0,2,9346,4,50065,38,400970.8716,Elgin,37.71,IL,Cook/Kane,13.92166333,0.192971388,No,Yes,3.97435573,20,0,16,0.743572289,0.000342932,41,19.3591417,112105,0,1073.43,8.73,8.66,256429,32.77225177,3.915971634,8.0256593,19.3591417,9.1,84.1,82.65,1,24,11.8977899,0.4,8.6,15.2216679,56.3,14.87,5.5,0,0
33,1600000US0669000,0,0,1,0,0,0,0,0,Santa Ana,27.52,CA,Orange,NA,0.19489986,No,No,5,0,0,53,0.35164403,0.000914935,45,40.8358983,333268,8,1070.72,9.24,9.1,3681505,64.427433,1.542302291,5.2770978,40.8358983,8.1,72.5,96.57,0,31,3.480645406,16.3,8.9,18.6283559,80.7,25.46,6.9,0,0
34,1600000US0804000,69,7264301,0,0,17,41738,124,53606.3979,Aurora,155.43,CO,Arapahoe/Adams/Douglas,14.15060154,0.168726911,No,No,5,0,4,0,0.677642775,0.000414262,44,11.7022626,345867,2,989.5,6.21,6.54,435712,18.75725193,4.241514802,7.5489192,11.7022626,7.8,81.8,80.36,0.6,27,2.91577587,0.4,10.2,12.5476695,44,14.94,6.9,0,0
35,1600000US0653980,0,0,1,0,0,0,0,0,Orange,25.24,CA,Orange,11.49768553,0.753894904,Yes,No,5,0,0,53,0.63409369,0.000914935,45,13.2011717,139761,0,819.36,19.41,18.93,2323029,50.0283519,9.215732572,7.0759138,13.2011717,6.2,85.3,91.44,2.5,30,4.51360282,5.1,7.5,6.3753515,68.7,11.61,3.8,0,0
36,1600000US2622000,0,0,0,0,1,0,20,33066.65,Detroit,138.96,MI,Wayne,19.53549482,0.448052586,No,No,0,19,3,4,0.555887705,0.000509846,42,18.8734495,690074,0,13700.82,1.33,1.31,4201500,59.42641767,5.113944302,11.7107218,18.8734495,7.1,83.3,96.71,0.2,37,10.69385117,0.8,19.8,43.446078,92.2,14.89,25,0,0
37,1600000US0616000,0,0,13,0,0,57,0,0,Concord,30.55,CA,Contra Costa,10.49677557,0.268954707,Yes,No,0,0,0,12,0.566943191,0.000947022,50,10.6357493,126268,0,982.79,9.33,8.56,2283800,33.92279161,1.94031742,8.8286463,10.6357493,6.9,87,95.07,0.6,29,6.884182269,0.9,12,9.2800987,77.2,14.41,6.3,1,0
38,1600000US3728000,0,0,2,0,2,0,115,41459.46435,Greensboro,131.8,NC,Guilford,27.79784312,0.134891405,No,No,1.846318202,21,2,0,0.846373854,0.00029205,45,9.6959487,279427,6,1447.82,9.35,8.97,5548963,27.43743459,4.419759007,10.0911641,9.6959487,6.4,84.7,83.26,3.5,22,41.22485348,0.2,9.9,15.7328191,47.5,11.13,8.1,0,0
39,1600000US4845000,0,0,1,0,1,236011,228,487467.0898,Lubbock,123.55,TX,Lubbock,0.099105029,0.304568528,No,No,2.380891814,19,0,48,0.535719927,8.60E-05,42,13.1990678,240719,0,636.11,7.19,7.28,712187,22.61101908,6.061008894,9.1028717,13.1990678,7,82.6,80.42,0.2,29,7.108285988,0.2,14,13.6222397,54.6,12.33,6,0,0
40,1600000US4837000,0,0,12,0,0,0,37,37430.05946,Irving,68.02,TX,Dallas,10.83474095,0.063977889,Yes,Yes,4.66866597,21,0,48,0.394555304,0.000292555,48,18.8196797,228776,3,1428.69,35.19,35.5,15769148,41.58717743,1.818372557,4.5726787,18.8196797,9,75,83.84,2,17,15.65335254,0.3,6.8,12.1854415,42,15.7,5.2,0,0
41,1600000US2684000,0,0,10,0,0,0,24,13904.00417,Warren,34.46,MI,Macomb,19.53549482,0.129471068,No,No,0,0,0,4,0.73494508,0.000415356,36,13.2410746,134857,0,1139.05,1.07,1.03,2634004,58.61703394,2.72881645,12.1305591,13.2410746,6,87.9,96.78,1.1,32,6.209043878,0.5,16.5,20.0287888,85.9,10.73,8.8,0,0
42,1600000US2676460,0,0,2,0,1,0,24,13904.00417,Sterling Heights,36.8,MI,Macomb,10.01022461,0.236837847,No,Yes,4.094523588,0,1,4,0.703528523,0.000415356,36,11.0272232,131139,0,457.97,10.67,11.62,3375208,45.44144561,7.26709827,11.2430224,11.0272232,5.1,89.7,89.57,0.4,26,11.05966175,0.3,13,14.2585551,62.3,8.37,5.2,0,0
43,1600000US0653000,0,0,3,0,1,2068550,0,0,Oakland,56.08,CA,Alameda,10.83474095,0.405127326,Yes,Yes,5,19,2,12,0.559077541,0.001952702,55,16.7442216,408073,0,6065.91,10.26,11.44,3413655,48.4774892,3.109737718,9.6721456,16.7442216,6.4,86,92.55,1.4,28,18.50337721,3.7,12.1,13.295334,81.9,12.41,17.3,0,0
44,1600000US0636770,0,0,0,0,2,0,0,0,Irvine,66.45,CA,Orange,10.83474095,0.532000645,No,Yes,5,0,0,53,0.612922732,0.000914935,45,2.8086808,238474,0,3686.27,11.29,10.91,5753790,34.03219279,1.375411995,5.9632028,2.8086808,5.6,92.3,63.4,1.9,24,4.402474158,1,5.8,3.101966,28,2.11,4.1,0,0
45,1600000US0629000,0,0,2,0,0,0,0,0,Garden Grove,17.96,CA,Orange,10.83474095,0.265574584,Yes,No,5,0,0,53,0.516933137,0.000914935,45,21.7077027,174721,0,719.2,11.33,10.31,9104459,61.10850298,0.955809548,7.1024299,21.7077027,5.8,83,94.94,2.4,32,3.398502061,5,8.9,13.172901,80.2,13.88,5.4,0,0
46,1600000US0628000,1,0,0,0,3,54446,0,0,Fullerton,22.36,CA,Orange,10.83474095,0.324038154,Yes,Yes,5,0,0,53,0.687307883,0.000914935,45,11.4487853,138976,0,422.71,1.74,1.56,116740,50.34097301,2.525615934,7.501499,11.4487853,6.3,83.7,90.45,3.7,30,5.934176586,2.5,8.7,7.5126024,74.9,9.45,5.8,0,0
47,1600000US0952000,1,0,15,184829,1,0,5,49748.28,New Haven,19.26,CT,New Haven,13.92166333,0.105553195,No,No,3.97435573,16,0,6,0.732519825,0.000530025,44,15.5981852,130612,13,4358.05,35.6,34.07,12793545,43.99060059,15.71065446,11.1088787,15.5981852,6.1,87.3,93.83,0.2,34,26.86253204,0.6,11.1,27.8816982,83.2,11.2,29.2,30,0
48,1600000US4829000,0,0,3,0,0,0,37,37430.05946,Garland,57.22,TX,Dallas,22.23597535,0.294696364,No,Yes,2.765091863,0,0,48,0.703028825,0.000292555,48,21.0858953,234213,3,1966.12,9.44,9.5,3727820,39.87541828,0.653251527,6.7599317,21.0858953,7.4,73.9,89.2,4.6,25,15.57612314,0.2,10.9,15.2498932,54.9,17.49,4.7,0,0
49,1600000US0616532,0,0,2,0,4,1000,0,0,Costa Mesa,15.7,CA,Orange,10.83474095,0.404635504,No,Yes,4.66866597,0,0,53,0.47675323,0.000914935,45,13.1127068,112377,0,277.95,1.9,1.89,1085230,58.9146525,11.92414818,6.6172876,13.1127068,6.7,81.3,93.61,0.2,27,3.946736004,7.7,7.5,6.1528307,76,11.58,4.8,0,0
50,1600000US4813024,0,0,1,0,3,0,103,20399.45204,Carrollton,37.11,TX,Denton/Dallas/Collin,22.23597535,0.076357466,No,No,2.765091863,20,0,18,0.800814617,0.000471407,43,13.0848048,127279,2,1095.18,12.52,12.67,6282879,46.82551435,2.710580693,5.2338555,13.0848048,6.5,77.8,84.62,3.4,17,13.00360443,0.2,6.9,6.2633939,31.2,10.66,2.3,0,0
51,1600000US0602000,1,0,0,0,5,60000,0,0,Anaheim,50.81,CA,Orange,10.83474095,0.342928401,Yes,Yes,5,0,0,53,0.391711678,0.000914935,45,20.7062251,345578,0,4029.31,2.7,2.87,2230074,52.14426983,2.584076533,6.9970904,20.7062251,7.2,80.7,91.88,5.3,32,5.127450176,7,8.2,12.1310324,70,15.98,6.9,0,0
52,1600000US4858016,0,0,0,0,1,0,55,69793.98382,Plano,71.94,TX,Collin,23.48404657,0.04638406,No,No,0,21,2,3,0.662946607,0.001540219,42,5.6500383,275645,6,1001.55,15.33,17.34,10538892,46.98436805,4.959277331,6.1450686,5.6500383,5.8,87.1,81.67,0.5,18,11.24393791,0.2,6.7,4.33147,21.3,5.79,3.3,0,0
53,1600000US0616350,0,0,0,0,0,0,27,164671.9259,Corona,38.93,CA,Riverside,11.49768553,0.293099939,No,No,5,0,0,53,0.528115276,0.000116186,48,12.1633846,159595,11,2574.46,8.58,7.57,24710,36.44647464,1.491274789,5.311903,12.1633846,7,85.1,81.11,2.1,30,4.700307066,1.1,7.6,8.9791511,26.5,12.05,3.6,0,0
54,1600000US4848072,0,0,27,0,4,0,67,138529.8873,Midland,72.24,TX,Midland,6.372626298,0.28741221,No,No,3.813670521,19,0,29,0.552514992,0.000218124,39,15.1553426,123820,13,779.35,3.01,3.36,2125115,18.44794443,4.013891132,8.0182348,15.1553426,8.2,79.8,86.17,2.1,19,9.726042619,0.2,10.7,8.1871616,54,17.04,4.5,0,0
55,1600000US4827684,0,0,0,0,0,3303975,55,69793.98382,Frisco,62.38,TX,Collin/Denton,22.23597535,0.093305007,Yes,Yes,2.765091863,20,1,3,0.853491371,0.001540219,41,3.4684062,137797,0,NULL,7.24,7.11,1236184,29.22234049,1.74169249,3.4893954,3.4684062,7.6,91.4,31.59,0.8,16,11.03944173,0.1,5.5,2.9129631,4,4.24,1.2,0,0
56,1600000US1263000,0,0,5,0,1,20531,0,0,St. Petersburg,63.92,FL,Pinellas,15.70630962,0.246806138,No,Yes,0.68334697,0,0,27,0.736140581,0.000274832,45,8.1921307,250713,0,1370.69,18.67,17.06,977269,36.76594704,5.384642998,12.6001726,8.1921307,5,83.8,93.2,1.6,25,24.79299682,1.1,13.2,15.3495253,78.4,9.14,10.3,2,0
57,1600000US5305210,1,0,2,0,0,0,0,0,Bellevue,36.47,WA,King,14.97286819,0.139795639,No,No,2.719952662,21,0,5,0.687372829,0.002031034,49,3.585739,134630,0,1265.53,12.01,10.27,356150,33.06604043,2.5031568,8.713295,3.585739,5.9,91.3,84.32,0.9,16,28.70098506,0.3,8.3,6.5275933,54.1,4.87,6.2,0,0
58,1600000US0137000,0,0,0,0,1,1060,38,132500.2568,Huntsville,210.39,AL,Madison,10.83474095,0.217965914,No,Yes,4.861585331,21,0,13,0.939068518,0.000432978,38,8.4435767,185594,0,2654.12,5.99,6.09,2560040,13.7309784,5.65751048,10.549431,8.4435767,6.3,85.7,80.91,2.6,24,34.65380499,0.3,13.4,14.4868498,54.9,9.49,6.5,0,0
59,1600000US0664224,1,0,1,0,6,530000,15,15265.06667,Salinas,23.22,CA,Monterey,10.36320989,3.682620309,No,Yes,1.27728685,0,1,12,0.365837853,0.000172719,49,37.8788216,155366,9,387.22,2.2,1.96,400868,43.25329302,2.838458865,6.096547,37.8788216,9.2,78.7,90.32,0.5,26,2.658682993,2,7.6,11.2638169,58.8,33.66,5.6,0,0
60,1600000US0650076,0,0,0,0,3,0,27,164671.9259,Murrieta,33.61,CA,Riverside,12.38300493,0.215089621,No,No,0.69764122,0,0,53,0.688867557,0.000116186,48,6.3057704,107507,0,1664.01,6.16,5.95,127361,26.65900609,2.102188695,8.1780633,6.3057704,6.9,88.5,48.81,3.4,27,3.228175916,0.2,9,6.9389628,5.8,8.58,2.8,0,0
61,1600000US5322640,0,0,2,0,7,1000,0,0,Everett,35.02,WA,Snohomish,14.97286819,0.58429894,Yes,No,0,0,0,5,0.608486016,0.000583939,45,9.3844161,105685,0,1293.36,8.45,8.56,2478695,36.36774539,8.042768605,10.8129946,9.3844161,6.8,85.6,85.8,2.3,24,27.22980535,0.8,15.8,23.0376197,52.2,13.91,11.9,2,0
62,1600000US0151000,0,0,1,0,0,0,18,7200.672778,Montgomery,161.92,AL,Montgomery,26.36316065,2.219341708,No,Yes,4.478620174,17,0,6,0.617288873,4.82E-05,43,12.4941146,202967,0,679.24,4.06,3.95,100318,19.16499458,5.168327856,10.3435755,12.4941146,7,86.5,87.23,1.9,29,37.86742184,0.2,16.3,21.5911652,56.7,11.16,8.5,0,0
63,1600000US3719000,1,0,13,0,11,25784,20,14665.60249,Durham,108.28,NC,Durham,31.72136126,0.339278016,Yes,Yes,1.846318202,21,0,0,0.830082217,0.001028333,50,11.6434042,246084,2,1220.68,10.05,10.34,7335823,18.37012806,6.640009103,7.7920269,11.6434042,7.4,84.3,75.06,1.1,24,56.61324869,0.4,9.7,13.7235979,39.9,11.7,10,6,0
64,1600000US1271000,0,0,0,0,0,0,0,0,Tampa,118.1,FL,Hillsborough,4.814538551,0.122891177,No,No,0.981590137,0,0,27,0.741230456,0.000229491,44,11.2787088,355603,0,2506.82,4.12,4.2,835785,33.1917009,10.15177037,9.464818,11.2787088,6.1,84.4,78.03,1.5,28,29.44598491,1,12.5,20.4447663,54,10.3,11.4,0,0
65,1600000US1825000,0,0,2,0,29,3162814,81,83615.88519,Fort Wayne,110.83,IN,Allen,23.52443609,0.12495251,No,No,3.368071252,20,0,7,0.628386251,0.000313658,38,10.0177798,257059,0,494.28,8.35,8.87,1051014,29.71732424,4.014642553,10.9540152,10.0177798,7.5,84.7,93.11,2.6,22,14.10274675,0.2,12.6,16.0462683,66.6,10.71,8.6,0,0
66,1600000US5553000,0,0,2,0,20,14872,6,3282.483333,Milwaukee,96.77,WI,Milwaukee,118.0653875,0.205159197,Yes,Yes,5,18,7,5,0.797995889,0.000243739,48,15.5248272,599498,13,1321.82,4.26,4.02,465642,49.15372131,5.082585763,8.8220895,15.5248272,7.8,86.7,95.75,1.2,31,11.96775109,0.6,14,31.1632663,89.1,11.62,18.5,0,0
67,1600000US1077580,0,0,2,0,23,25500,34,15995.04644,Wilmington,11.86,DE,New Castle,0.217676287,0.415415096,No,No,3.041149697,19,0,1,0.806140093,0.000625861,47,15.0475719,71549,2,2477.49,23.94,22.31,717538,46.1516714,6.988217865,13.0362522,15.0475719,7.5,90.2,92.06,4,27,11.29818139,0.4,13.3,27.4886604,80.8,11.27,23.8,1,0
68,1600000US5335415,0,0,1,0,3,100000,0,0,Kent,29.18,WA,King,11.94892452,0.126129006,No,No,2.643081608,17,0,5,0.7286975,0.002031034,49,12.400916,124292,13,811.68,13.37,13.27,3725800,43.66119659,2.437807743,7.7640708,12.400916,7.3,84.9,85.1,0.3,26,21.11045757,0.2,10.3,20.661568,38.2,14.23,7.6,0,0
69,1600000US1921000,0,0,3,18868,4,0,81,170868.8822,Des Moines,82.6,IA,Polk,6.044203879,0.222449058,Yes,No,2.63677603,19,0,2,0.496432172,0.000245375,41,10.9569917,208020,4,2263.79,33.78,35.87,1420702,25.73525872,7.504086146,9.8339391,10.9569917,7.8,90.2,91.41,2.3,26,13.80881895,0.5,13,23.8701861,77.9,13.1,8.8,1,0
70,1600000US0617918,0,0,6,0,1,0,0,0,Daly City,7.64,CA,San Mateo,10.49677557,0.058699016,No,Yes,4.283326936,0,1,12,0.399106543,0.005322339,52,11.183374,104930,0,568.4,0.48,0.48,0,51.47821742,3.402268179,8.0836304,11.183374,5.1,88.2,95.2,0.4,26,14.99139305,3,8,6.3975335,76.6,11.32,8.8,0,0
71,1600000US0665000,2,1430,0,0,3,1464068,0,0,San Bernardino,59.64,CA,San Bernardino,18.14040682,0.180411482,Yes,Yes,4.112264778,0,0,53,0.551167119,0.000103591,47,27.3284822,214112,0,1026.44,5.32,5.9,866199,33.44990446,3.596248692,7.5026051,27.3284822,8.4,79.1,93.46,0.7,37,2.976025821,3.5,13.1,28.9822855,67.5,18.88,11.8,0,0
72,1600000US4865000,0,0,0,0,2,0,130,21563.34485,San Antonio,466.7,TX,Bexar,14.20645978,0.053832044,Yes,Yes,5,21,7,29,0.514537186,9.75E-05,46,16.8996151,1413881,13,3538.4,10.6,11.96,1389693,29.07096453,5.259990056,8.3508478,16.8996151,7.3,80.6,79.6,1.1,23,29.11694194,0.6,14,17.0012995,49.2,13.39,9,0,0
73,1600000US0659451,0,0,0,0,1,0,0,0,Rancho Cucamonga,39.87,CA,San Bernardino,16.37494059,0.093215996,No,No,5,0,0,53,0.561993008,0.000103591,47,6.8409941,171858,0,2476.86,6.05,6.52,2639227,39.49282676,0.320031654,6.1784938,6.8409941,5.9,89.9,73.33,4.1,29,3.64617503,0.7,8.5,7.2212165,31.1,7.8,3.8,0,0
74,1600000US0678582,0,0,0,0,1,0,0,0,Thousand Oaks,55.18,CA,Ventura,14.15060154,0.354707519,No,Yes,5,0,1,53,0.893312887,0.000679088,44,6.0835129,128565,0,1285.35,12.36,12.03,3014217,19.9502777,3.142379341,10.0126329,6.0835129,4.4,91.1,88.32,2.7,26,8.89893952,1.5,9.3,4.1427078,58.1,6.76,4.5,0,0
75,1600000US0672016,1,0,15,5158,0,0,0,0,Simi Valley,42.25,CA,Ventura,19.58470977,0.158958355,No,No,0,0,1,53,0.556754077,0.000679088,44,7.446247,126103,12,648.4,11.56,12.93,2738343,22.68927288,1.141923666,8.3793958,7.446247,5.7,90.1,86.22,2.4,28,7.183700328,2,9.5,4.9342419,53.1,9.09,3.6,0,0
76,1600000US0626000,0,0,7,0,1,0,0,0,Fremont,76.79,CA,Alameda,10.49677557,0.120708276,Yes,Yes,4.156915655,0,1,12,0.5797187,0.001952702,55,6.0082784,225221,0,1541.34,12.09,12.19,4782213,27.81888324,1.984717233,5.9284024,6.0082784,6.4,93.3,93.48,0.1,17,8.126884718,0.8,7.4,5.1386825,59.5,5.97,4.1,0,0
77,1600000US0654652,0,0,3,0,1,0,0,0,Oxnard,27.19,CA,Ventura,11.94892452,0.126986728,No,No,2.643081608,0,1,53,0.411183437,0.000679088,44,30.9719568,203495,1,1811.08,12.42,12,432519,50.298902,1.302243298,5.5121519,30.9719568,8.2,78.3,85.02,0.6,29,2.934042336,17.7,10.1,15.0290269,63.3,27.45,4.7,0,0
78,1600000US0624680,0,0,3,0,0,0,0,0,Fontana,42.43,CA,San Bernardino,11.49768553,0.332858378,Yes,Yes,5,0,0,53,0.402146179,0.000103591,47,23.8333973,203677,0,2749.67,2.06,2.01,251725,40.3147628,2.209380539,3.7758879,23.8333973,7.5,79.4,74.43,7,30,2.266337996,2.6,8.3,15.4097049,32.1,17.05,3.7,0,0
79,1600000US1759000,2,845,2,0,13,5346790,62,151626.0053,Peoria,50.23,IL,Peoria,12.33724905,0.118523981,Yes,No,4.660237549,17,0,0,0.715299804,0.001186455,43,9.6279819,115847,0,997.81,9.19,9.08,21581615,33.68959576,9.685188222,11.5286098,9.6279819,7.4,90.6,89.5,3.4,25,23.05309624,0.3,11.7,18.2561019,75.4,9.67,13.6,0,0
80,1600000US0662000,71,0,25,0,3,1938385,27,164671.9259,Riverside,81.44,CA,Riverside,1.566611343,0.153997724,No,No,1.516719154,15,0,53,0.470217216,0.000116186,48,18.6265307,316335,0,2506.91,7.84,7.78,395202,33.1025419,2.747087739,7.3772557,18.6265307,6.8,82.8,85.89,1,29,4.097742885,1.6,9.5,12.3231836,61,15.16,6,3,0
81,1600000US0649270,0,0,0,0,0,0,27,164671.9259,Moreno Valley,51.47,CA,Riverside,16.77718444,0.131385027,No,No,0,0,0,53,0.352264327,0.000116186,48,21.1807758,200788,0,193.69,11.73,11.64,3640654,23.21494438,2.305914696,3.2151355,21.1807758,7.5,79.5,75.3,2.8,33,1.338621267,3.5,10,16.0369876,19.3,17.42,4.8,0,0
82,1600000US0427820,2,0,2,0,1,2176071,0,0,Glendale,60.13,AZ,Maricopa,12.33724905,0.421773577,Yes,Yes,4.60448598,17,0,18,0.731058763,0.000429552,44,14.1335743,234844,6,2203.15,3.99,3.9,1520551,40.38724031,3.070123146,7.1861734,14.1335743,7.3,82.8,86.67,2.1,25,2.126033667,0.7,11.5,19.8112492,38.8,13.61,8.7,0,0
83,1600000US0454050,2,0,2,0,8,4826242,0,0,Peoria,177.97,AZ,Maricopa,6.372626298,0.03434197,No,No,3.813670521,20,0,18,0.632207635,0.000429552,44,6.1979903,163664,11,1261.98,6.74,7.14,636616,9.621911549,0.354384593,10.3519492,6.1979903,6.1,89.7,64.53,1.5,23,1.828738117,0.3,11.6,8.1279443,10,8.95,5.6,0,0
84,1600000US0455000,2,0,0,0,4,29019,0,0,Phoenix,517.94,AZ,Maricopa,0.217676287,0.108637798,Yes,No,3.145631481,20,3,18,0.442911343,0.000429552,44,16.8066263,1514208,2,2995.58,10.31,10.26,12352734,29.70531445,3.460554957,6.9171058,16.8066263,7.5,79.7,80.91,3.6,23,2.164079959,1,9.8,17.3651567,46.4,14.94,9.1,0,0
85,1600000US3128000,0,0,0,0,47,6773546,103,311037.213,Lincoln,90.36,NE,Lancaster,19.55647277,0.879146045,No,No,0.975962807,21,1,3,0.456210761,0.000231481,38,5.7690214,269726,0,2785.76,13.44,13.66,6266149,37.39304244,3.737125824,9.0718947,5.7690214,6.9,89.8,82.4,2.2,23,8.585326285,0.3,10.2,10.399353,56.1,10.71,6.9,0,0
86,1600000US0465000,2,0,0,0,17,1051137,0,0,Scottsdale,184.39,AZ,Maricopa,22.46623605,0.22925188,No,No,1.729586753,21,3,18,0.650438403,0.000429552,44,2.9404647,227471,0,2867.35,1.18,1.28,268478,17.04473258,3.969736802,12.6103257,2.9404647,4.2,92,82.47,2.7,21,2.174881183,0.3,9.9,4.4540342,32.7,3.44,4.2,0,0
87,1600000US5167000,2,0,1,0,2,30015776,0,0,Richmond,62.46,VA,Richmond,10.49677557,0.827298839,No,No,5,19,1,40,0.750391323,0.000116967,53,14.7870707,213735,0,4836.61,17.06,16.12,2439359,29.49969123,9.240414532,11.1058883,14.7870707,6.3,83.1,93.12,1.1,29,34.8786343,0.5,15.4,17.9056223,82.2,11.63,16.8,0,0
88,1600000US3722920,2,0,0,0,1,3034115,113,81090.42257,Fayetteville,147.71,NC,Cumberland,10.23603508,0.218410473,No,No,1.846318202,20,0,4,0.80258869,3.70E-05,42,7.5925807,202521,0,1246.75,16.03,15.31,3409993,17.27901982,3.831701404,8.1005622,7.5925807,8.1,87,81.43,2.5,19,41.63700333,0.4,15.2,17.4479532,46.8,8.77,7.1,0,0
89,1600000US4807000,0,0,7,0,12,0,3,15628,Beaumont,85.83,TX,Jefferson,48.83758672,0.145172517,No,No,2.478363411,19,0,3,0.593819677,5.93E-05,41,14.0616426,117676,5,1553.81,100,100,44,24.08736807,7.52914783,12.6426082,14.0616426,7.2,77.9,82.68,1.5,26,34.53382984,0.3,13.8,19.9857121,62.7,15.3,11.2,3,0
90,1600000US0633000,2,0,0,0,4,201707,0,0,Hayward,44.93,CA,Alameda,10.49677557,0.360863349,No,Yes,5,0,1,12,0.551481409,0.001952702,55,16.8542526,152401,0,789.29,15.43,14.44,2893127,32.22949007,1.423875171,6.9809261,16.8542526,6.6,85.5,90.75,1.1,29,12.0044936,1.9,10.1,14.2851026,68.4,15.37,6.7,0,0
91,1600000US4715160,2,0,4,0,2,1821689,74,78260.20851,Clarksville,98.28,TN,Montgomery,13.87040919,0.174133865,No,No,0.69764122,19,0,5,0.548216381,1.08E-05,38,6.2692824,143618,0,1551.36,10.67,10.88,2943323,13.905698,2.165466724,5.3036156,6.2692824,9,88.3,65.63,2.3,18,28.66395211,0.5,13.8,15.8220025,31.9,11.14,5.1,0,0
92,1600000US0653322,0,0,6,0,6,0,3,32588.66667,Oceanside,42.06,CA,San Diego,10.49677557,0.262675473,Yes,Yes,5,0,1,7,0.636452093,0.001694023,45,12.3864768,173050,0,1312.56,10.01,9.43,4254011,39.75099347,2.294134643,10.3251616,12.3864768,6.5,85.4,89.95,0.8,24,5.76074527,2.3,10.8,6.5577835,43.4,12.52,5.3,0,0
93,1600000US5548000,1,0,0,0,3,13011,112,273447.288,Madison,94.03,WI,Dane,1.676079295,0.266370323,Yes,No,5,21,6,2,0.914096332,0.00087417,45,4.368987,243122,13,923.53,16.72,17.14,2092768,24.18373396,6.465889553,7.8213418,4.368987,5.6,93.4,81.94,1.8,29,12.63744475,0.6,8.6,10.374014,57.5,6.41,12.1,0,0
94,1600000US0611194,0,0,0,0,6,0,3,32588.66667,Carlsbad,38.18,CA,San Diego,12.03547125,0.258769967,No,Yes,5,0,1,7,0.722688523,0.001694023,45,3.3437223,110830,0,931.68,6.99,7.73,759804,38.89178609,3.582062618,9.6281928,3.3437223,5.8,92.2,76.28,2.2,24,6.596281263,1.6,7.9,2.7879694,33.3,5.51,3.6,0,0
95,1600000US0678120,0,0,0,0,3,1709784,27,164671.9259,Temecula,30.17,CA,Riverside,8.780764806,0.263282993,Yes,No,2.965160145,0,0,53,0.587577734,0.000116186,48,6.5803948,107153,0,433.66,1.89,1.95,1841509,32.0675036,1.306542981,4.9428963,6.5803948,6.1,89.3,63.77,3.7,28,4.365476739,0.5,7.7,5.8200091,7.9,8.32,3,0,0
96,1600000US1822000,1,0,12,0,0,0,55,206449.3687,Evansville,44.63,IN,Vanderburgh,38.13881215,0.168612662,No,No,0,0,0,5,0.676636495,0.000419183,38,10.9386148,120212,5,1574.79,10.11,10.38,777898,31.54896815,8.451735268,12.4183261,10.9386148,6.8,85.9,93.5,0.3,24,19.41444269,0.1,16.3,18.4139182,78.9,13.54,11.2,2,0
97,1600000US0677000,9,0,12,0,9,251679,0,0,Sunnyvale,21.97,CA,Santa Clara,18.78810046,3.453528353,No,Yes,4.478620174,0,1,12,0.575827227,0.007799699,48,6.6118524,148178,8,704.32,6.98,7.28,256021,53.22553905,4.393364737,7.1241878,6.6118524,8.2,91.9,91.32,5.7,16,8.60522237,1.1,6.6,3.8751951,67.9,6.51,5,1,0
98,1600000US0669084,5,0,0,0,29,0,0,0,Santa Clara,18.41,CA,Santa Clara,10.83474095,0.91369956,No,Yes,4.66866597,0,2,12,0.455157103,0.007799699,48,6.2350237,121374,0,4015,66.34,65.56,27942553,62.08282371,2.69415196,6.4973638,6.2350237,7.6,91.9,87.43,0.1,23,7.828935447,1.4,7.2,3.9716345,69.6,6.04,5.3,0,0
99,1600000US2360545,8,0,14,0,2,0,0,0,Portland,21.65,ME,Cumberland,5.460001635,0.13814082,Yes,No,5,20,2,4,1.027196936,0.000307564,42,6.5828006,66490,0,4227.92,2.09,2.34,231301401,32.56736849,13.03955482,10.9299778,6.5828006,5.1,88.8,88.75,2.8,26,36.5060181,0.2,12.4,21.7835918,80.1,9.49,18.1,0,0
100,1600000US3611000,2,0,0,0,3,5000,26,38584.79615,Buffalo,41.07,NY,Erie,16.24758017,0.092883812,No,No,0.345779545,17,0,17,0.55861366,0.00024523,43,14.8700253,259517,6,2358.51,1.47,1.46,47624665,55.06728939,8.099662065,11.2873025,14.8700253,6.6,91.5,97.83,0.3,31,11.59938918,0.5,16.5,34.7565333,93,10.74,29.3,0,0
101,1600000US4824000,5,3536,2,0,2,139126,1,398936,El Paso,256.22,TX,El Paso,1.895406752,0.237009895,No,Yes,4.881857006,16,2,29,0.393723256,4.09E-05,47,19.786196,676325,5,1151.22,8.1,7.85,3497779,26.33198843,3.532325435,8.1524547,19.786196,7.8,76.2,79,0.9,20,8.094624557,0.2,13.1,22.8482613,51.7,10.85,7.9,0,0
102,1600000US4748000,4,1703,0,0,2,1175979,32,32883.13906,Memphis,324,TN,Shelby,22.23597535,0.127668822,No,Yes,2.765091863,19,0,21,0.72964132,0.000309251,45,14.0739799,657167,12,3853.28,7.44,6.45,3039540,27.62669808,6.234336173,9.4068662,14.0739799,7.7,82.2,91.77,1.2,30,37.77571105,0.2,13.8,26.2860575,70,16.5,12.1,0,0
103,1600000US0622804,0,0,7,0,18,0,3,32588.66667,Escondido,36.99,CA,San Diego,12.03547125,3.178557946,No,Yes,5,0,1,7,0.570002046,0.001694023,45,23.9880204,149079,1,1093.35,5.46,4.96,355119,28.61859272,3.890554672,8.618814,23.9880204,8.3,78.2,89.44,3.3,30,5.788653935,3.7,9.9,9.4069847,50.2,22.72,6.6,0,0
104,1600000US3977000,4,0,0,0,0,0,36,13306.69167,Toledo,83.79,OH,Lucas,32.01161344,0.171175351,No,Yes,5,16,0,18,0.65295652,0.000174208,42,12.3244327,282275,4,1117.53,13.4,12.87,905632,42.18658858,6.543264547,11.514409,12.3244327,7,87.6,96.67,1,28,17.86184257,0.4,17.4,27.9151883,87.3,13.96,14.5,0,0
105,1600000US0107000,4,2316,5,0,3,440,0,0,Birmingham,148.61,AL,Jefferson,18.67577985,0.127001406,No,No,0,19,0,13,1.234790677,8.80E-05,43,12.9505231,212211,1,2594.12,7.1,7.05,3396508,23.48960406,16.75690704,10.3976793,12.9505231,6.9,83.8,91.11,0,30,48.94734368,0.2,16.8,26.0781132,76.1,13.99,14.8,0,0
106,1600000US2582000,0,0,0,0,94,1650137,8,2778.1125,Worcester,38.46,MA,Worcester,19.24006375,0.160462131,No,No,2.380891814,18,0,16,0.569521707,0.000785513,41,13.8193966,183382,0,3093.88,11.38,10.67,1287927,41.76673384,5.545800569,10.9951003,13.8193966,6.2,95.7,93.99,4.5,27,34.51982037,0.4,14.4,23.4732268,80.7,11.11,17.6,0,0
107,1600000US5156000,3,0,64,1427,5,21322,0,0,Newport News,69.86,VA,Newport News,0.060023522,0.0958979,Yes,No,3.795811944,20,1,40,0.642243021,9.38E-05,44,9.6154181,181323,0,4258.55,25.51,26.54,19283186,24.57817303,4.092144957,9.116442,9.6154181,7.3,86.8,87.9,1.4,24,35.81523831,0.2,12.6,15.9700607,55.8,14.3,9.2,7,1
108,1600000US4260000,4,0,1,0,1,0,0,0,Philadelphia,140.8,PA,Philadelphia,31.99744296,0.163559689,Yes,Yes,3.97435573,16,7,27,0.643931126,5.92E-05,55,15.3451776,1555072,5,3488.22,3.19,3.17,24531985,51.90659954,4.810066672,11.58248,15.3451776,6.9,86.9,91.7,1.4,31,15.21187403,0.5,15.9,26.796317,88.8,11.09,32.1,0,0
109,1600000US4164900,5,4612,0,0,0,0,0,0,Salem,48.44,OR,Marion,7.461035807,0.343657333,No,Yes,0.185220496,19,0,3,0.31928252,7.42E-05,45,11.2656765,160008,0,1372.36,6.02,5.87,434736,38.22553521,2.381130943,10.3223683,11.2656765,7.2,86.6,85.21,0.6,24,15.53069716,0.3,14.5,25.3702645,56.9,14.67,8.8,0,0
110,1600000US0471510,4,214970,1,0,3,1506,0,0,Surprise,105.87,AZ,Maricopa,26.12850839,0.031233326,No,No,4.283326936,0,0,18,0.665526091,0.000429552,44,5.7088407,123813,0,433.88,2.5,2.56,1389959,10.90759182,0,10.3786567,5.7088407,6.7,92.1,33.45,1.2,22,1.330341025,0.3,11.6,8.1258046,4.2,9.03,2.8,0,0
111,1600000US2240735,0,0,0,0,2,5000,7,15674.15,Lafayette,49.35,LA,Lafayette Parish,13.89094624,0.10156571,No,No,0,0,0,6,0.645130774,0.000250204,40,12.2845366,124982,0,5385.9,5.61,6.12,922451,30.71279816,9.809412555,9.5392304,12.2845366,5.7,84.5,83.22,0.1,26,22.53007622,0.2,12,13.0654673,54.9,11.67,8.6,0,0
112,1600000US4751560,5,5133,2,0,2,102,32,105092.9238,Murfreesboro,55.49,TN,Rutherford,11.49768553,0.509210169,Yes,No,5,20,0,5,0.831839901,7.79E-05,38,7.057168,117983,0,1527.99,21.59,20.02,1007229,27.08342362,2.424078045,6.9971697,7.057168,6.6,88.5,62.31,0.9,24,14.89251028,0.2,8.8,12.5095467,26.4,7.34,4.5,1,0
113,1600000US2603000,4,730447,1,0,5,17312,66,220595.5392,Ann Arbor,28.7,MI,Washtenaw,12.33735621,0.07027166,No,Yes,0,20,3,4,0.796084679,0.002216938,46,2.744597,116194,1,1152.67,5.95,5.72,2859906,32.97535812,9.54438267,9.7818945,2.744597,4.3,94.9,91.82,3.8,30,29.51664123,0.8,7,7.895462,70,4.17,12.6,0,0
114,1600000US0412000,2,0,31,0,2,0,0,0,Chandler,64.52,AZ,Maricopa,12.33724905,0.165017774,Yes,Yes,4.533400391,21,2,18,0.710638581,0.000429552,44,6.8711914,250202,11,1447.9,1.95,1.92,0,38.57828016,1.446830961,5.9074101,6.8711914,7.3,89.7,67.83,1.8,17,2.221061929,0.4,8.1,7.9023974,12.7,7.13,3.6,0,0
115,1600000US4459000,1,1100000,6,0,60,142678,3,17807.36667,Providence,18.79,RI,Providence,27.52669567,0.376738556,No,No,1.27728685,14,0,3,0.28932899,0.000199854,47,23.8761009,178680,0,2435.96,13.41,12.33,636284,68.90384722,9.973136333,8.4513915,23.8761009,6.2,83.5,93.82,2,29,14.96832529,0.7,12.3,32.7190514,84.2,12.55,19.7,2,0
116,1600000US1738570,10,447442,0,0,6,3019630,102,156601.5228,Joliet,62.77,IL,Kendall/Will,0.060023522,0.068811022,No,No,3.795811944,0,0,16,0.77947294,0.000466378,41,13.8655276,147918,0,588.47,12.88,11.03,1990718,28.77362856,3.245041171,7.3589935,13.8655276,7.6,88.2,73.93,1.3,26,8.416596072,0.4,9.3,16.1722998,51.7,16.7,7.1,0,0
117,1600000US1270600,8,4172,0,0,5,82558,5,61337.16,Tallahassee,103.45,FL,Leon,14.97286819,0.388904959,No,No,0.743676151,0,0,14,0.861970296,0.000169647,43,6.2849134,187024,12,1895.45,25.98,26.32,19202314,13.69117879,4.23475062,7.6719363,6.2849134,5,87.7,78.25,0.3,37,50.8559365,0.5,9.3,15.2511158,40.6,6.99,8.3,0,0
118,1600000US0446000,0,0,1,0,19,1005342,0,0,Mesa,137.06,AZ,Maricopa,14.17631047,0.180220456,No,No,0,19,0,18,0.609664881,0.000429552,44,10.4243125,458860,0,563.53,13.08,12.54,2770672,34.80535028,2.612997428,10.5160022,10.4243125,6.9,83.5,82.01,1.2,25,2.507345727,0.7,11.8,12.123329,33.1,13.51,7.1,0,0
119,1600000US3915000,0,0,12,0,5,159762,26,48834.24538,Cincinnati,79.55,OH,Hamilton,1.5287595,0.084445815,No,No,0.052951277,19,3,12,0.788195999,0.00033574,43,12.4366227,297397,0,2019.58,17.3,15.08,12772343,31.12771431,10.61880248,10.6322206,12.4366227,7.2,87.5,95.29,1.8,27,34.03194063,1.1,14.3,24.5138644,86.7,10.61,21.5,2,0
120,1600000US0473000,0,0,1,0,23,86000,0,0,Tempe,40.19,AZ,Maricopa,11.49768553,0.032215111,No,No,4.248791956,20,0,18,0.399162805,0.000429552,44,6.6981294,169816,13,1890.37,9.19,8.57,465622,51.16624154,0.38276723,6.1842308,6.6981294,4.5,85.1,87.37,1.6,25,3.620613921,0.8,8.3,11.0137324,47.4,7.47,10.4,0,0
121,1600000US2036000,0,0,0,0,96,0,15,19988.36667,Kansas City,128.38,KS,Wyandotte,13.92166333,0.256535198,Yes,No,3.97435573,0,0,2,0.733813646,4.35E-05,42,19.6646719,148855,0,3861.46,4.69,4.81,118907641,21.49395389,8.034664606,9.035494,19.6646719,8.5,76.6,92.34,4.8,27,22.13997445,0.3,14.6,19.3816471,81.4,22.56,10.4,0,0
122,1600000US4202000,0,0,1,0,4,10000,57,38405.96807,Allentown,18.02,PA,Lehigh,15.05085479,0.271557402,No,No,3.145631481,15,0,27,0.66622699,0.000493334,42,20.1932789,119261,3,1165.14,12.23,11.87,1078996,43.78150483,1.802768717,9.8656774,20.1932789,7.6,83.2,94.72,0.1,33,19.01402013,0.4,18.5,28.3847347,85.1,19.98,19.6,0,0
123,1600000US3006550,10,0,4,0,7,4829774,100,28874.46829,Billings,43.53,MT,Yellowstone,1.106104056,0.34138278,Yes,No,5,19,0,8,0.744043584,7.81E-05,39,6.0887075,108134,0,472.18,2.63,2.44,250989,39.20263733,5.826104648,11.9658895,6.0887075,6.5,85.7,83.66,0.5,23,9.144182259,0.2,12.8,11.2287943,61,12.97,5.9,1,0
124,1600000US0682954,51,0,3,0,33,107084187,38,28243.08947,Visalia,36.27,CA,Tulare,38.68216564,2.683838173,No,No,5,0,0,14,0.498507681,2.64E-05,47,15.2480538,127842,0,447.72,24.46,24.66,3770972,39.33481189,4.54467233,7.8983944,15.2480538,8.8,87.4,74.96,1.8,27,3.89194964,0.2,12.6,19.3985143,44.3,13.89,7.9,0,45
125,1600000US0843000,51,0,6,0,5,22559,0,0,Lakewood,44.06,CO,Jefferson,43.16893424,0.076976247,No,No,0,0,0,0,0.914544808,0.000762206,41,6.7243598,147836,0,482.61,0.69,0.78,217593,30.83049109,1.826348115,10.5669817,6.7243598,6,86.9,92.17,0.9,26,8.846782463,0.3,11.1,8.7224307,67.1,10.52,6.6,7,0
126,1600000US4123850,8,0,0,0,4,232851,0,0,Eugene,43.75,OR,Lane,14.87920681,0.694662427,No,No,1.27728685,20,0,3,0.679747,0.000221251,46,5.416826,159615,0,2287.04,10.52,10.59,3388022,41.08783569,0.557591705,11.6487374,5.416826,4.6,88.2,85.17,4.4,38,19.87955732,0.6,13.4,21.0914923,59.3,8.36,11.3,0,1
127,1600000US0812815,9,0,3,0,3,20000,124,53606.3979,Centennial,28.87,CO,Arapahoe,14.15060154,0.121406892,No,Yes,5,0,0,0,0.968144733,0.000414262,44,1.6359973,106604,0,17.61,5.98,5.42,243630,30.16271737,0.17822971,7.4658254,1.6359973,5.5,93.7,93.22,2.4,23,8.938589312,0.1,7.4,3.2879382,45.7,6.07,2.3,1,0
128,1600000US2071000,4,0,0,0,5,9568904,111,64842.7436,Topeka,61.47,KS,Shawnee,29.87448191,0.292272418,No,No,3.368071252,18,0,2,0.705129678,3.92E-05,41,9.7269119,127672,0,2418.03,0.17,0.19,0,29.67511663,6.900495018,12.6330367,9.7269119,7.5,86.4,91.45,1.2,22,13.52968181,0.3,16.2,15.3744,72.3,13.3,9.6,0,1
129,1600000US2915670,3,0,1,0,10,292779,66,161852.2367,Columbia,63.4,MO,Boone,7.443092858,0.607394791,No,No,0,0,2,6,0.801047428,0.000193242,41,5.1290255,115391,0,1038.7,9.32,9.05,19752160,21.943447,9.706129594,6.5698294,5.1290255,6.2,92.4,71.3,2.9,32,22.2876512,0.5,8.9,10.5477079,39.6,7.49,7.7,1,0
130,1600000US0675000,1,0,0,0,7,21623413,5,21068.4,Stockton,64.75,CA,San Joaquin,19.53549482,0.197628458,No,No,0,16,0,14,0.502259581,0.000132665,47,21.4047591,299722,2,1401.05,10.49,10.29,974654,46.2456904,1.888416599,8.2053224,21.4047591,7.9,84.6,81.82,0.9,33,6.650735314,0.8,12.7,19.9405019,55,18.85,10,0,0
131,1600000US4845384,15,947,0,0,36,638354,184,137588.2372,McAllen,48.62,TX,Hidalgo,12.63265466,0.107954351,No,No,2.380891814,0,0,11,0.508748379,1.71E-05,48,24.6269106,136993,9,273.59,11.88,12.09,1073572,37.13154227,7.06605447,6.8774423,24.6269106,8.1,69.1,71.29,6.7,25,13.53439108,2.3,12.9,22.8916519,32,11.82,6.2,0,0
132,1600000US1369000,2,0,0,0,4,0,0,0,Savannah,108.64,GA,Chatham,19.08106863,2.090470446,No,Yes,1.937889288,19,0,1,0.422958628,0.000100254,45,12.0111354,142919,1,1362.63,16.25,16.41,7319106,15.02155597,8.634261365,10.8129096,12.0111354,6.7,79.4,85.93,1.3,31,39.35766286,0.4,13.6,17.3586121,67.7,13.81,12.9,0,0
133,1600000US0627000,0,0,0,0,46,392011,83,214837.5376,Fresno,112.31,CA,Fresno,19.87380891,4.296033072,Yes,Yes,5,0,4,14,0.498999708,7.53E-05,47,21.919383,510451,5,1532.33,2.87,2.92,3277419,44.85223905,3.140360191,8.4304013,21.919383,8.9,83.6,84.19,8.8,34,3.758456826,0.8,13,24.2597922,54.6,16.72,11.5,0,0
134,1600000US0816000,2,0,63,2302,2,0,4,15054.75,Colorado Springs,194.91,CO,El Paso,0.844221106,0.166553998,No,Yes,5,0,0,0,0.684586682,0.000299226,41,5.4915616,442040,0,3954.4,4.56,4.39,3024174,21.14091892,2.766717944,8.7261596,5.4915616,7,88,80.38,1.3,23,8.852746626,0.3,12.1,11.7432255,45.8,9.97,5.7,86,0
135,1600000US4805000,7,0,1,0,20,415213,125,39385.23696,Austin,305.06,TX,Travis,17.94929512,0.113527043,Yes,Yes,2.32506553,21,3,29,0.663104991,0.000709672,49,11.0382843,887061,0,1567.12,10.01,9.56,19874306,23.9999328,2.894953109,5.4098151,11.0382843,6.9,81.8,74.99,1.1,24,41.75665261,0.3,8.7,10.4562992,37.8,10.88,6.6,0,1
136,1600000US0622020,5,0,13,0,0,0,1,71521,Elk Grove,42.24,CA,Sacramento,7.461035807,0.215863176,Yes,Yes,0.185220496,0,1,14,0.600799696,0.00012689,48,7.9163953,161084,0,478.94,4.91,4.98,1166868,30.99233187,4.134488838,5.4424528,7.9163953,6.4,92.7,53.95,1.9,26,4.951733783,0.2,11.1,7.5269689,9.7,7.4,3.1,0,0
137,1600000US1772000,6,209644,10,0,106,7534095,88,274344.2618,Springfield,65.76,IL,Sangamon,8.888985482,0.314340155,No,No,2.411557571,15,0,0,0.84182677,0.000185915,39,7.9562869,117061,0,2208.7,12.14,10.86,897886,32.01676113,8.175224883,13.2081068,7.9562869,6.3,91.2,89.53,2.9,27,14.98016318,0.5,15.3,16.5279288,66.1,8.46,9.9,1,0
138,1600000US3774440,1,0,0,0,3,0,5,5760.2,Wilmington,51.82,NC,New Hanover,18.32145219,0.038801227,No,No,1.846318202,21,0,4,0.923660514,0.000220563,42,8.7366297,111998,1,1334.61,19.05,18.18,3930429,24.69508384,7.705494741,11.3164688,8.7366297,4.6,85.2,83.34,1.1,27,38.08523981,0.1,13.5,16.1982447,43.7,10.18,9.3,0,0
139,1600000US1210275,1,0,0,0,6,0,0,0,Cape Coral,113.81,FL,Lee,6.311637081,0.183662635,No,No,2.355087961,0,0,27,0.677387948,0.000128075,44,7.3300587,165843,8,1284.65,37.66,42.07,2095612,20.84504152,1.754671587,9.8953652,7.3300587,5,81.6,56.56,0.6,24,17.98576532,1.2,12.3,12.6697984,18.7,12.78,3.8,0,0
140,1600000US3502000,1,0,0,0,8,0,0,0,Albuquerque,189.54,NM,Bernalillo,5.659316195,0.237721877,Yes,Yes,5,20,3,12,0.643954866,0.000195862,48,9.4093007,556092,1,1660.55,5.44,5.35,23836603,26.8604716,3.172136985,10.6362957,9.4093007,6.6,86,81.37,0,26,4.861575888,0.2,12.9,15.4089636,50.6,10.21,7.4,0,0
141,1600000US4839148,2,0,0,0,15,0,167,64929.98563,Killeen,54.25,TX,Bell,14.97286819,0.488240147,No,Yes,1.289059996,0,0,29,0.528400598,6.13E-05,41,7.1353472,136378,13,546.91,12.48,12.49,7155893,25.07973869,1.261200487,4.3448628,7.1353472,10.4,85.4,65.54,2.2,17,17.34889797,0.5,13.1,14.0632987,29.7,9.94,5.8,0,0
142,1600000US0648354,4,2431,13,0,55,920552,7,6766,Modesto,37.09,CA,Stanislaus,25.41924491,0.06585078,No,No,2.261912188,0,0,14,0.553534057,6.83E-05,45,15.4831631,207482,0,751.56,13.03,12.55,2510446,49.53500398,5.58602674,9.210993,15.4831631,7.1,86.1,88.62,0.7,30,8.750306835,0.4,15,17.8729019,57.7,15.6,8,1,0
143,1600000US4714000,8,0,3,0,15,53000,7,6839.828571,Chattanooga,144.55,TN,Hamilton,18.96267612,0.296325052,No,No,0.532987,15,0,8,0.456473602,0.000106285,44,13.2105888,174483,0,2752.71,17.63,17.94,12228117,21.05104114,8.201372053,11.9240189,13.2105888,6.2,86.4,86.7,0.3,25,46.15372687,0.3,15.4,21.0457367,65.8,11.88,11.7,0,3
144,1600000US2205000,0,0,0,0,8,261175242,0,0,Baton Rouge,79.1,LA,East Baton Rouge Parish,28.96486541,0.183653026,No,No,0,0,0,9,0.578165166,0.000146169,44,11.3024758,229186,3,1934,26.54,26.13,5541201,35.34768858,6.920143464,9.5302681,11.3024758,6.5,84.7,88.33,4.4,31,30.99634533,0.5,14.7,20.6214115,66.9,12.65,10.1,0,0
145,1600000US2938000,1,1826,5,0,12,384432822,50,105061.3514,Kansas City,319.03,MO,Jackson/Clay/Platte/Cass,11.94892452,0.40426484,No,No,2.643081608,19,3,6,0.755421031,0.000114553,40,9.8505576,467990,0,2014.32,6.77,7.29,680969,21.53507183,6.660398726,9.6193977,9.8505576,7.1,84.5,87.53,1,26,20.01021801,0.4,12.8,16.098814,70,10.88,11.2,0,0
146,1600000US4841464,0,0,29,0,14,134569,0,0,Laredo,90.2,TX,Webb,14.7371445,0.113468085,No,No,4.379472393,19,0,11,0.310666192,1.52E-05,46,31.2350252,248855,13,1078.48,3,2.77,1782791,31.63926211,2.194048743,6.1048441,31.2350252,9.9,68.5,70.3,1,26,9.057745936,2.1,12,31.1847741,32.5,14.72,7.5,20,0
147,1600000US3137000,3,22546,12,0,60,251107,35,117559.84,Omaha,130.58,NE,Douglas,11.94892452,0.329177057,Yes,Yes,2.643081608,19,2,3,0.560973846,0.000152514,41,10.5306761,440034,0,1645.95,5.45,5.32,1263951,39.76158396,6.092711018,9.6072834,10.5306761,7.3,87.4,92.82,13.6,24,11.36791637,0.3,10.7,13.0861398,70.8,11.93,8.6,0,0
148,1600000US4513330,0,0,12,0,2,3079368,6,8310.67,Charleston,115.36,SC,Charleston,11.81044583,0.153727902,No,No,2.567337477,21,1,3,0.672570807,9.65E-05,43,5.6128267,127694,8,5424.08,15.25,15.89,1926567,10.09368363,11.12816577,9.8036225,5.6128267,6.1,88.6,72.51,0.3,28,42.64404528,0.3,9.7,9.3040991,46,7.85,9.5,1,0
149,1600000US1150000,10,0,2,0,61,10000,0,0,Washington,62.25,DC,DC,2.402034856,0.063940322,No,No,2.645669654,20,1,8,0.607321004,0.000225488,59,9.329841,647484,0,8139.31,5.19,4.86,2194359,41.93675373,6.318302846,10.1214382,9.329841,6.2,94.2,89.29,0.5,24,23.3111982,1.1,11.2,15.6070083,81.7,6.58,36.4,0,0
150,1600000US0603526,2,0,1,0,0,0,36,45372.49583,Bakersfield,143.61,CA,Kern,40.86912836,3.555204037,No,Yes,5,0,1,14,0.600348669,9.82E-05,44,17.0637461,363612,0,163.22,3.02,3.28,698417,27.06494302,3.649494516,6.5955763,17.0637461,8.7,85.8,71.15,1.2,27,2.64315425,1.6,10.1,15.0205889,40.4,16.84,6.4,0,0
151,1600000US4876000,1,0,0,0,3,6072386,128,111648.6926,Waco,101.26,TX,McLennan,25.72908149,0.500403255,Yes,No,3.216424578,20,0,29,0.659591971,7.04E-05,41,18.8874172,129193,0,1386.08,29.1,28.66,6249198,15.9176406,4.543589823,9.6663028,18.8874172,8.1,80.6,83.92,1.8,30,28.17255816,0.3,12,18.2773604,62.6,14.8,10.1,0,0
152,1600000US3916000,0,0,12,0,2,28484,0,0,Cleveland,78.13,OH,Cuyahoga,16.53794072,0.100476585,No,No,3.368071252,17,1,18,0.676929209,0.000397407,43,19.5258315,390584,4,6977.94,3.33,3.06,1591414,50.32418704,13.44397108,12.111909,19.5258315,6.7,85.8,95.6,0.4,30,12.10486848,0.8,19.7,36.3620586,90.4,13.93,25.5,3,0
153,1600000US4052500,2,0,5,0,6,11898316,38,37739.16711,Norman,189.42,OK,Cleveland,1.501617957,0.121850556,No,No,2.953234493,19,0,6,0.616607428,0.000193586,39,5.6219173,117353,13,1127.74,1.16,1.08,1511417,6.942642138,5.027566402,8.3075416,5.6219173,5.5,88.3,77.88,0.2,29,39.38573832,0.2,12,10.4206097,47.2,8.29,5.3,1,0
154,1600000US5613900,2,0,1,0,9,352367,114,50420.18044,Cheyenne,24.63,WY,Laramie,10.61962751,0.25922037,No,No,5,0,0,0,0.785122628,0.000188618,38,5.3464147,62195,0,1562.18,3.54,3.78,2046451,34.94073176,4.276871131,10.5252686,5.3464147,6.4,89,84.44,2.9,18,3.586232682,0.4,12,9.2717867,65.9,12.38,5.3,0,0
155,1600000US4131250,4,0,0,0,1,0,5,8768.02,Gresham,23.43,OR,Multnomah,27.52669567,1.473131626,No,Yes,0,19,0,3,0.58840987,0.000415139,53,13.6540759,109308,0,719.54,2.5,2.55,487174,42.43870786,1.015479196,9.6639414,13.6540759,7.5,85.4,84.2,1.4,29,22.28533072,0.4,15.3,27.9318082,50.5,16.62,10.1,0,0
156,1600000US1254000,3,0,3,0,13,62401672,0,0,Palm Bay,65.97,FL,Brevard,32.01161344,12.84601891,Yes,Yes,5,0,0,27,0.448008878,0.000812874,40,9.7236806,105212,1,1126.79,9.34,10.1,372289,14.65073688,1.444702125,10.8220301,9.7236806,5.8,84.2,72.58,1.9,30,27.96582709,1.2,13.5,17.0593057,17.2,12.11,4.4,0,1
157,1600000US4159000,0,0,9,30374,4,122722,5,8768.02,Portland,145.09,OR,Multnomah,0.329545153,0.300030003,No,Yes,3.115121267,21,1,3,0.51549329,0.000415139,53,7.2304649,612206,0,3386.16,16.75,17.68,2311036,43.7957905,3.474320735,8.981103,7.2304649,5.8,87.7,87.15,2.3,28,23.85413703,0.5,12.5,20.4578092,73,8.48,14.8,0,0
158,1600000US3712000,0,0,0,0,4,1980866,4,987.6,Charlotte,299.66,NC,Mecklenburg,14.05996838,0.111316145,Yes,Yes,2.616555943,21,0,4,0.723248094,0.000278707,47,10.281052,792137,3,3165.14,6.56,6.21,6501907,26.13745333,2.919949453,6.7567302,10.281052,7.2,83.7,73.23,1.9,23,47.76961844,0.3,9.1,14.0296837,36.3,11.47,7.8,0,0
159,1600000US0682590,5,0,3,0,4,186700156,0,0,Victorville,73.74,CA,San Bernardino,11.49768553,0.537385581,Yes,No,1.789795532,0,0,53,0.616807952,0.000103591,47,17.7895644,120703,5,220.35,11.41,9.76,754800,16.5097312,2.062914758,6.0998557,17.7895644,8.8,84.2,61.93,1.4,36,1.322002431,0.6,10.7,24.346108,18.8,13.52,6.3,0,0
160,1600000US5374060,5,0,0,0,1,0,0,0,Vancouver,49.86,WA,Clark,27.52669567,0.327066701,No,No,0,19,0,5,0.659108395,0.000537676,45,8.135318,168050,13,1688.52,4.81,5.1,585116,42.60649716,3.516810473,11.4353253,8.135318,6.5,86,83.85,4.3,22,15.0667963,0.3,14.9,20.789858,46.2,12.55,7.3,0,0
161,1600000US2634000,6,0,4,0,8,425326,60,35809.01233,Grand Rapids,45.27,MI,Kent,26.47500417,1.356205719,No,No,4.379472393,19,3,2,0.86347479,0.000314814,39,13.2043298,192416,0,2321.22,0,0,0,43.90699103,6.740603692,10.2648372,13.2043298,7.6,87.4,94.36,0.1,31,19.70187842,0.4,12.7,25.3307041,81.4,13.31,13.7,0,0
162,1600000US2053775,11,0,1,0,19,591473,74,129698.9482,Overland Park,75.37,KS,Johnson,5.185322909,0.162492831,No,Yes,2.810303512,21,0,2,0.87202881,0.001076191,40,2.5115951,181464,0,696.41,1.75,2.5,220374,26.58297959,3.576466958,10.261927,2.5115951,6.3,93.7,80.76,0.1,18,13.53808705,0.4,9.1,4.2028598,39.9,5.55,3.9,0,2
163,1600000US2052575,6,0,0,0,6,4300000,74,129698.9482,Olathe,60.42,KS,Johnson,8.189505547,0.214658713,No,No,4.897303906,0,0,2,0.719871855,0.001076191,40,5.0114062,131508,0,1026.9,10.21,10.34,4534031,25.3807927,1.74133893,6.2371562,5.0114062,7.7,90.4,72.44,0.8,19,13.61475702,0.2,7.8,5.4260854,28.5,9.23,3.6,0,1
164,1600000US1235000,1,387126,10,0,48,984312,0,0,Jacksonville,830.93,FL,Duval,9.187474134,0.337143097,No,No,0.166149327,0,4,27,0.743802811,6.74E-05,44,9.7498193,846951,2,8693.88,21.38,24.19,8257081,12.19968234,4.089965063,9.2662638,9.7498193,6.9,84.8,77.81,0.1,26,44.85483266,0.7,13.4,17.2229459,46.5,11.33,8.5,35,1
165,1600000US5010675,2,0,6,0,5,11185247,7,8338.428571,Burlington,15.49,VT,Chittenden,9.719959662,0.63341251,No,No,1.266448769,15,0,1,0.929990539,0.002191458,46,9.4457557,42570,0,4596.08,35.98,38.66,358974,19.94089013,13.20178529,10.951526,9.4457557,3.2,94.4,96.12,0.1,32,22.86678632,0.2,11.7,17.6437813,78.6,9,15.2,0,0
166,1600000US0820000,1,0,2,0,4,0,15,9540,Denver,154.63,CO,Denver,14.15060154,0.175095154,Yes,Yes,5,21,6,0,0.605231455,0.000135457,50,12.4881151,649654,13,8487.59,4.22,3.8,2504561,36.28285486,4.051387354,8.9512138,12.4881151,6.9,85.5,84.22,2.4,23,5.447031856,0.7,9.5,11.4175384,69.3,11.89,11,0,0
167,1600000US4830464,1,0,2,0,37,25000,37,37430.05946,Grand Prairie,81.09,TX,Dallas,22.23597535,0.189971283,Yes,Yes,2.765091863,0,0,48,0.628337561,0.000292555,48,17.4531969,183500,0,1339.58,22.96,23.34,8114795,26.47321945,0.223433243,4.1894723,17.4531969,7.6,77.9,69.91,0.9,19,22.30125129,0.3,8.3,13.043111,35.8,15.62,3.4,0,0
168,1600000US0655156,0,0,0,0,71,12398316,2,17865.5,Palmdale,106.22,CA,Los Angeles,19.8007283,0.209804881,No,Yes,2.71995682,0,0,53,0.472856784,0.000361114,48,22.2744466,156672,0,1340.99,7.44,7.14,42480,11.39682119,1.002093546,5.0608614,22.2744466,8.8,84,77.85,3.6,38,3.406043891,0.6,10.9,17.2752809,20.6,15.51,6.2,0,0
169,1600000US0640130,2,0,63,1718,9,112092,2,17865.5,Lancaster,94.55,CA,Los Angeles,14.15060154,0.161916266,No,No,5,0,1,53,0.329650613,0.000361114,48,15.7725177,159774,0,2215.2,8.12,6.66,10780965,13.71446003,2.628713057,6.142071,15.7725177,8.1,86.6,81.84,1.2,28,1.296707901,0.3,9.3,10.9831952,30.6,14.14,8.3,10,0
170,1600000US3663000,0,0,0,0,4,1976671,20,28250.575,Rochester,36.79,NY,Monroe,17.45175733,0.373115344,No,No,0.474428195,18,0,17,0.611524058,0.001365172,44,17.1303778,210745,0,1099.13,11.76,11.48,799369,44.72402101,7.867327813,8.7764313,17.1303778,7.1,90.1,97.52,1.6,35,24.08000453,0.8,17.3,36.1075798,91.5,10.75,25.8,0,0
171,1600000US2754880,10,0,0,0,8,30029267,60,56565.51317,Rochester,54.75,MN,Olmsted,11.49768553,0.309565728,No,No,5,21,0,4,0.786451869,0.003496127,41,5.4080272,110275,0,1320.76,14.53,14.76,5859752,23.5581928,19.22466561,9.5796856,5.4080272,7.5,93.9,77.71,0.4,22,13.13001771,0.7,9.5,9.1763304,48.1,8.36,7.6,0,0
172,1600000US1258715,9,0,3,0,23,473179,0,0,Port St. Lucie,115.23,FL,St. Lucie,NA,0.444351664,No,No,5,17,0,42,0.805030582,9.72E-05,41,10.4256511,172054,12,2942.83,8.44,8.48,396354,14.34094254,1.854069071,10.7276135,10.4256511,5.5,81.6,53.31,4.3,30,22.26264491,1,14.8,13.75019,10.3,12.46,3.9,0,1
173,1600000US0827425,10,490753,12,0,13,148563,11,6014.873636,Fort Collins,55.53,CO,Larimer,19.45485079,0.256478825,No,Yes,5,0,0,0,0.853996511,0.001231825,44,3.2710333,153292,0,1278.65,4.63,4.57,411764,23.33510648,1.6569684,7.2575444,3.2710333,5.4,91.3,77.59,3.2,34,5.093821954,0.2,7.7,7.2965817,39.3,8.28,5.2,0,0
174,1600000US4055000,10,791744,3,0,30,5645957,60,19001.89067,Oklahoma City,620.82,OK,Oklahoma,12.03547125,0.866482867,Yes,Yes,4.443978723,21,1,6,0.611485072,9.68E-05,42,13.2292595,610672,0,1558.3,4.23,4.35,107407,16.03372103,6.638588309,8.9781016,13.2292595,7.9,81.6,82.42,1.1,23,22.15294191,0.2,13.2,15.8012349,56.7,14.95,6.8,0,7
175,1600000US3825700,10,590829,14,0,8,220016,84,260156.6562,Fargo,48.82,ND,Cass,8.618331054,0.600299401,Yes,No,4.074599077,20,0,1,0.775680326,0.000344615,36,4.5273008,113464,0,2207.1,34.83,32.82,4403229,33.28477066,6.662906296,8.8347144,4.5273008,6.3,90.5,77.8,1.2,19,2.610283918,0.9,9.7,10.1857412,44.2,11.96,8.1,1,0
176,1600000US4804000,0,0,0,0,1,0,6,50134.95,Arlington,99.62,TX,Tarrant,22.23597535,0.164644898,Yes,Yes,2.765091863,20,0,48,0.50361083,0.000247581,42,13.5435026,379716,13,971.62,8.02,8.39,4516135,34.77356102,2.330689252,6.2694308,13.5435026,7.4,78.3,84.26,4.4,24,20.62513647,0.2,10.1,14.1486309,38.2,12.47,4.9,0,0
177,1600000US4827000,0,0,0,0,5,213701,6,50134.95,Fort Worth,347.86,TX,Tarrant,22.23597535,0.180990256,Yes,Yes,2.765091863,18,2,48,0.611384179,0.000247581,42,17.4725133,796614,4,1192.44,9.07,9.18,24427044,26.81939283,4.619552255,7.3009651,17.4725133,8.4,78.4,69.04,2.7,23,15.16177176,0.3,10.4,15.8087012,43.5,13.66,6.5,0,0
178,1600000US0662938,0,0,0,0,4,0,0,0,Roseville,36.22,CA,Placer,33.49645359,0.344624833,No,Yes,4.906811846,0,0,14,0.873199089,0.000439554,41,4.0676276,126327,0,5275.49,23.07,22.36,24310078,40.4952846,5.287864035,11.5453198,4.0676276,6.3,91.9,65.65,0.1,25,8.372302055,0.5,9.7,6.1872946,23.2,7.13,4.6,0,0
179,1600000US0803455,0,0,3,0,8,0,0,0,Arvada,35.76,CO,Jefferson,14.15060154,0.154204589,No,Yes,5,0,0,0,0.944578945,0.000762206,41,4.3943174,111658,3,824.18,8.28,8.38,758517,25.68655121,0,10.5502634,4.3943174,5.6,92.2,86.63,0.1,24,7.671764923,0.3,10.3,5.9621204,60.3,9.16,4,0,0
180,1600000US3901000,0,0,0,0,12,0,9,20829.42222,Akron,62.37,OH,Summit,17.75182312,0.19279167,No,No,3.376584958,18,1,18,0.722946216,0.000586882,40,11.6028745,198329,2,3022.84,7.06,6.91,826170,36.64741804,10.245602,11.555375,11.6028745,6.7,86.7,95.61,4.9,28,26.51739448,0.4,15.2,27.1067349,85.7,11.74,15.2,0,0
181,1600000US1232000,0,0,0,0,11,0,0,0,Hollywood,28.78,FL,Broward,6.372626298,0.209076717,No,No,1.86227586,0,0,42,0.677249287,0.000232211,49,10.6498212,146791,3,1109.26,43.05,47.5,4496584,39.09731564,7.609458346,11.4880963,10.6498212,5.6,77.5,93.68,4.4,31,20.36754231,5.1,12.7,16.3212296,76.4,13.22,8.6,0,0
182,1600000US1608830,1,0,0,0,34,1832453,5,30034.46,Boise City,80.05,ID,Ada,15.94877381,0.280030016,No,No,3.821073072,0,1,3,0.724531439,0.001652691,38,4.4450205,214196,12,880.38,5.82,6.27,503575,23.79478564,5.569665166,9.7323853,4.4450205,6,87.5,84.99,4,25,3.826893193,0.3,11.1,11.839017,48.8,8.89,6.2,0,0
183,1600000US1304000,12,0,0,0,4,22396,0,0,Atlanta,134.01,GA,Fulton,9.549572887,0.072447172,No,Yes,2.0140275,20,4,22,0.438405655,0.000645389,51,9.4190583,448901,3,13367.51,6,5.65,4998987,28.42692914,6.172853257,10.1092455,9.4190583,6.1,84.1,73.18,0.3,26,52.32129808,0.4,11.7,18.0325046,54.3,6.92,16.8,0,0
184,1600000US3251800,1,0,2,0,71,30000,0,0,North Las Vegas,101.39,NV,Clark,8.189505547,0.129949033,No,Yes,2.810262902,12,0,0,0.535168196,0.000205348,45,18.4810649,226860,0,441.6,0.29,0.29,309909,17.40821412,1.710305916,5.3329645,18.4810649,8.1,79.2,44.89,3.9,26,0.529454099,0.3,10.5,16.0993507,16.3,18.14,6.6,0,1
185,1600000US3240000,12,0,3,0,6,591473,0,0,Las Vegas,135.87,NV,Clark,17.53040719,0.296610617,No,No,1.932331315,19,1,0,0.513810986,0.000205348,45,13.8578911,605097,0,532.43,8.25,7.53,1268535,38.25901998,3.615949178,9.6918567,13.8578911,6.6,80.1,74.05,0.2,24,2.642807637,0.4,13,15.3672767,24,14.82,10.1,0,0
186,1600000US4261000,0,0,1,0,3,875197,2,25934.5,Pittsburgh,58.34,PA,Allegheny,12.33724905,0.277081198,Yes,Yes,4.60448598,17,0,8,0.767448708,0.000476792,44,7.0803411,305928,10,2789.63,11.22,10.79,1357184,41.80169686,15.18984859,12.6558867,7.0803411,5,91.1,95.72,1.2,27,28.07631292,0.5,13.9,18.7947278,88.4,8.49,24.4,0,0
187,1600000US3231900,0,0,14,0,11,0,0,0,Henderson,107.73,NV,Clark,4.808259871,0.128865979,Yes,No,1.835717034,19,0,0,0.642406601,0.000205348,45,5.2434047,271725,0,974.9,4.43,4.41,869655,31.14281982,1.453675591,9.5308732,5.2434047,5.1,88.7,60.7,5.5,21,1.633157547,0.2,11.2,7.0187191,8.2,8.49,3.8,0,0
188,1600000US2970000,2,0,4,0,39,2539329,76,37258.49645,Springfield,82.31,MO,Greene,13.11915381,0.928379752,No,No,1.58334778,20,0,6,0.757843228,8.47E-05,39,10.1600794,163763,0,2194.46,9.59,8.59,2363563,35.71021599,11.02813212,12.5441994,10.1600794,5.9,82.9,87.57,0.9,26,13.44047715,0.2,15.2,15.6563956,61.4,10.87,8.9,0,0
189,1600000US2646000,0,0,37,25000,18,161477,46,77814.62957,Lansing,36.68,MI,Ingham/Eaton/Clinton,10.83474095,0.52976745,No,No,2.473988101,16,1,2,0.876947219,0.000261031,40,10.894385,114485,0,3440.95,12.65,12.61,12514703,38.90030884,9.54710224,9.7781633,10.894385,7.4,88.7,95.89,0.2,28,20.05550977,0.4,16.9,27.9629859,83.7,10.75,12.5,76,0
190,1600000US0664000,0,0,12,0,9,18006731,1,71521,Sacramento,100.11,CA,Sacramento,7.461035807,0.085996122,No,No,2.294208136,0,0,14,0.570634306,0.00012689,48,14.1225499,480566,0,2782.48,8.22,8.68,5256046,43.3656696,4.534236713,9.4076381,14.1225499,7,86.7,83.42,3.1,28,9.492967427,0.6,13,15.0618739,60.1,11.14,10.7,5,0
191,1600000US1255775,0,0,0,0,26,170000,0,0,Pembroke Pines,34.82,FL,Broward,0.060023522,0.107699642,No,No,3.795811944,19,0,42,0.728699705,0.000232211,49,6.8179597,162243,11,1589.59,100,100,13834,28.85734957,2.792108134,13.1473536,6.8179597,5.6,85.7,86.36,0.3,30,17.06394403,2.2,9.8,10.1974328,25.5,6.28,7.2,0,0
192,1600000US1245975,0,0,6,0,5,500000,0,0,Miramar,31.29,FL,Broward,15.70630962,0.28455449,No,No,3.784979134,0,0,42,0.563222986,0.000232211,49,7.334342,131384,12,243.99,17.76,16.36,5824890,27.32763599,1.354807282,2.4432084,7.334342,6.1,80.1,60.82,0.5,34,20.04815892,2.3,7.4,12.6786921,28.9,7.52,2.7,1,0
193,1600000US4847892,0,0,0,0,29,2520323,37,37430.05946,Mesquite,46.17,TX,Dallas,12.33724905,0.284725568,Yes,Yes,4.60448598,19,0,48,0.572567816,0.000292555,48,16.5239874,143584,9,844.31,34.94,39.73,24903108,32.20279157,1.68542456,6.8291662,16.5239874,7.8,76.4,86.98,4.3,25,17.21118709,0.3,10.9,15.0162151,41.5,14.09,4.7,0,0
194,1600000US2404000,0,0,0,0,55,2664714,0,0,Baltimore,81.35,MD,Baltimore,8.106011542,0.04945927,No,No,4.806378946,19,2,31,0.529699691,0.000106032,54,15.32169,622454,4,2738.25,3.23,3.18,17211839,46.79912009,8.072885707,11.3696402,15.32169,6.7,89.7,95.6,0.1,28,18.43458445,0.6,15.3,26.6238216,87.6,11.28,29.8,0,0
195,1600000US4982950,0,0,0,0,10,30000,1,626,West Jordan,32.46,UT,Salt Lake,14.20645978,0.089873627,No,No,5,0,0,0,0.623599016,0.000546824,41,7.0408212,109549,9,352.34,10.17,12.47,49393,32.41522502,1.670485354,3.5820049,7.0408212,9,88.3,68.29,1.2,20,4.017470054,0,7.7,8.2603491,23.1,12.12,2.1,0,0
196,1600000US1230000,17,0,0,0,6,77539,0,0,Hialeah,22.84,FL,Miami-Dade,6.372626298,0.135612682,No,No,1.86227586,0,0,42,0.465954723,0.000140581,51,25.9094527,234714,12,374.92,45.16,45.56,12896211,52.86399939,4.196596709,11.9605889,25.9094527,5.1,68,96.4,0.3,41,12.02892355,3.3,11.6,45.2346899,69.1,20.9,12.8,0,0
197,1600000US4967000,6,22269,7,0,6,6343523,1,626,Salt Lake City,111.73,UT,Salt Lake,25.81437671,17.61747006,No,No,4.530804084,21,1,0,0.525905189,0.000546824,41,10.7136513,190679,6,1691.17,9.84,9.6,28472875,28.06487924,7.919068172,9.6999867,10.7136513,7.2,82.4,92.64,1.5,23,12.38579178,0.3,10.7,12.094783,78.8,10.14,12.1,2,0
198,1600000US0877290,0,0,1,0,29,2003472,177,60825.52232,Thornton,35.95,CO,Adams,12.33724905,0.145006928,No,Yes,4.60448598,0,0,0,0.808642131,0.000299232,46,10.1298406,127688,0,1240.19,2.12,2,115218,27.15970913,1.456675647,5.1196139,10.1298406,7.9,86.2,66.15,0.1,21,3.534551922,0,9,9.7823285,29,12.41,3.7,1,0
199,1600000US4819000,6,34037,0,0,9,686431,37,37430.05946,Dallas,385.84,TX,Dallas,22.23597535,0.1361441,Yes,Yes,2.765091863,17,3,48,0.473772386,0.000292555,48,23.6216256,1260688,0,5062.37,14.75,13.7,42301465,29.85694266,5.26696534,7.505516,23.6216256,8.1,72.4,85.76,2.3,22,26.32766125,0.4,9.7,16.9504808,58.3,17.99,10.1,0,0
200,1600000US0666000,0,0,0,0,25,164472,3,32588.66667,San Diego,328.91,CA,San Diego,32.01161344,1.012821263,No,No,3.686417073,0,4,7,0.574847277,0.001694023,45,10.8007273,1359791,0,1927.35,73.52,79.42,100033,35.80810976,3.157838227,8.0269475,10.8007273,6.4,85.9,88.4,2.8,26,5.458818036,5.7,8.9,7.2547213,58.7,8.73,7.2,0,0
201,1600000US0883835,0,0,0,0,0,0,0,0,Westminster,33.85,CO,Adams/Jefferson,14.15060154,0.059295904,No,Yes,5,0,0,0,0.775603048,0.000762206,44,7.2244957,110598,0,1602.61,2.81,2.75,8470960,28.24078846,2.079603609,7.3202491,7.2244957,6.6,88.7,86.75,1.3,22,4.914684353,0.2,10.3,7.1805677,39.6,10.1,4.6,0,0
202,1600000US4659020,5,0,0,0,1,3268330,74,481504.6266,Sioux Falls,73.48,SD,Minnehaha,32.01161344,0.257900134,No,Yes,5,0,0,6,0.713469417,0.000111768,38,7.5488331,164341,0,490.18,9.39,8.42,266569,27.73787961,7.003730049,8.8559309,7.5488331,8.1,90.2,74.27,2.5,18,7.162922066,0.8,10.3,11.5429217,46.6,10.75,6,0,0
203,1600000US2935000,0,0,0,0,27,771415,50,105061.3514,Independence,78.25,MO,Jackson,14.72698779,0.202568942,No,No,0.532987,0,0,6,0.567945952,0.000114553,44,10.3991325,117192,0,579.54,10.47,10.25,10456157,18.05154777,1.885794252,12.1085422,10.3991325,6.6,85.4,91.85,4.5,24,20.50730057,0.1,16.6,14.6689297,74.7,13.51,7.3,0,0
204,1600000US0613392,0,0,0,0,49,6522594,3,32588.66667,Chula Vista,49.86,CA,San Diego,12.03547125,0.208255126,No,No,5,0,1,7,0.478857388,0.001694023,45,15.1938978,257296,0,1308.74,6.79,6.48,1030772,40.72026929,2.293078789,7.6230369,15.1938978,6.8,86.2,75.84,0.4,33,3.922328,2.4,9.1,9.4432916,48.3,10.94,5.6,0,0
205,1600000US1225175,0,0,2,0,44,65000,15,5197.61,Gainesville,62.39,FL,Alachua,6.424102016,0.316957211,No,Yes,2.216669109,0,0,14,0.744162276,0.000735589,45,6.977747,127559,3,4239.56,20.26,20.46,847447,13.50507582,12.23747442,7.198549,6.977747,4.4,85.6,84.87,0.5,33,60.44360592,0.9,9.4,12.4958306,49.2,6.44,12.3,0,0
206,1600000US4962470,0,0,0,0,1,27366,24,54229.44583,Provo,44.17,UT,Utah,1.602409332,0.248359946,Yes,No,2.845078996,20,0,0,0.395837483,0.000717447,39,7.9796548,115345,0,872.74,4.51,4.77,64478,22.57495535,3.5285448,4.1715376,7.9796548,8.4,85.5,85.68,2.2,26,18.90626795,0.1,7.7,11.053344,52.1,11.18,4.4,0,0
207,1600000US5367000,0,0,4,0,4,846456,62,54926.44419,Spokane,60.02,WA,Spokane,22.76958327,0.09205772,No,No,4.594862664,19,0,0,0.674117279,0.000216292,42,6.7620749,210695,0,1093.88,15.93,16.6,685216,38.86728425,6.545005814,11.8256622,6.7620749,6.9,88.4,89.97,2.3,27,10.53657689,0.3,15.8,24.2801548,73.4,10.52,11,0,0
208,1600000US5531000,0,0,0,0,11,3114368,80,27449.74063,Green Bay,46.42,WI,Brown,23.1689008,1.281271461,No,No,3.30035373,19,0,5,0.797343175,0.000137407,39,10.6249907,104847,6,2195.11,14.71,14.24,12190956,30.65682626,10.58685513,10.1493807,10.6249907,7.8,88.2,92.08,0.3,22,17.84858238,0.6,13.1,19.5967666,70.7,13.89,8.5,0,0
209,1600000US0602252,0,0,1,0,0,0,0,0,Antioch,29.08,CA,Contra Costa,10.49677557,0.307618986,No,Yes,4.478620174,0,0,12,0.521462168,0.000947022,50,10.8523005,107501,0,793.98,7.9,9.37,79496,32.69403921,2.744160519,5.996797,10.8523005,5.8,89.3,83.57,0.7,33,5.666949527,0.5,14.5,13.3756451,43.1,13.57,6.8,0,0
210,1600000US0668000,10,0,3,0,8,100000,0,0,San Jose,178.38,CA,Santa Clara,10.49677557,0.131905438,No,Yes,4.283326936,20,3,12,0.504133434,0.007799699,48,14.3699488,1000860,0,3631.49,17.22,18.08,1080999,39.31848581,1.25691905,6.6405343,14.3699488,6.8,89.1,88.79,1.4,26,10.02539672,1.4,8.3,8.1709339,64.9,11.31,5.4,0,0
211,1600000US4835000,11,250000,3,0,75,8902896,27,78845.60556,Houston,627.48,TX,Harris,4.863066993,0.241645513,No,No,NA,18,4,11,0.664953483,0.000328026,47,21.3254169,2217706,6,4183.01,18.8,18.63,2679183,41.88352714,5.174716576,7.3806867,21.3254169,7.8,73.4,81.72,1.7,23,26.65642446,0.6,9.8,15.67176,58.2,17.51,9.3,0,4
212,1600000US3451000,11,0,4,0,42,1416382,0,0,Newark,24.37,NJ,Essex,0.060023522,0.071325859,Yes,Yes,5,16,1,23,0.386774009,0.000203383,53,24.8866499,279793,12,1074.42,12.83,11.27,1383446,68.19363115,7.451937683,9.0865929,24.8866499,7.8,75.2,85.96,5.2,31,8.814897712,0.8,17.6,30.7569463,72.9,21.96,39.7,0,0
213,1600000US0908000,0,0,1,0,17,24999,1,1123.59999,Bridgeport,16.23,CT,Fairfield,10.01022461,0.152132086,No,No,4.094523588,16,0,6,0.602629234,0.000676608,45,21.9248474,147340,0,5010.98,24.19,25.81,2681563,57.60240267,5.809691869,9.4784283,21.9248474,7.2,80.6,96.72,3.5,34,18.61278517,0.4,12.1,29.2592372,85.8,18.4,20.9,1,0
214,1600000US0644000,0,0,0,0,35,21500,2,17865.5,Los Angeles,472.97,CA,Los Angeles,10.83474095,0.284859641,Yes,No,5,19,2,53,0.371507468,0.000361114,48,21.6486922,3900794,3,3197.43,25.61,26.09,1244273,43.75657161,2.723804436,8.3389375,21.6486922,6.4,78.8,92.75,0.5,33,8.662797054,6.2,9.8,10.7687072,76.9,14.24,13.1,0,0
215,1600000US0980000,0,0,1,0,32,0,5,49748.28,Waterbury,28.94,CT,New Haven,12.82553669,0.057063846,No,No,2.614010909,17,0,6,0.709406793,0.000530025,44,18.0142307,109551,13,1945.27,5.84,5.57,581589,33.57451611,4.792288523,11.3296695,18.0142307,7.2,87.8,97.13,1.6,32,39.05018851,0.4,13.4,30.8755875,77.9,12.97,19.3,0,0
216,1600000US0636546,0,0,1,0,116,333000,2,17865.5,Inglewood,9.09,CA,Los Angeles,24.38078475,0.172742931,No,No,2.243243515,14,0,53,0.354172467,0.000361114,48,23.7659631,111411,0,1337.92,3.25,3.76,2129014,65.33402125,3.312060748,8.7326479,23.7659631,7.6,78.6,96.85,6.4,34,4.419982418,10.2,11.6,15.0434996,82.4,16.94,9.7,0,0
217,1600000US2537000,2,0,0,0,11,36389,7,8377.104286,Lowell,14.53,MA,Middlesex,10.83474095,0.347150104,No,Yes,5,19,1,16,0.586338928,0.002221557,46,18.7837015,109349,13,1713.83,12.32,12.24,18783866,53.41046437,3.621432295,8.7739354,18.7837015,6.7,93.4,93.73,5.1,28,23.66361244,0.8,13,23.6301281,80.7,12.19,17.2,0,0
218,1600000US1245060,0,0,3,0,76,7647152,0,0,Miami Gardens,19.02,FL,Miami-Dade,6.372626298,0.281730469,No,No,1.86227586,17,0,42,0.779835284,0.000140581,51,16.0248669,112021,0,NULL,0,0,4146356,41.45390097,6.579123557,8.0959907,16.0248669,5.9,73.9,91.09,1.2,38,15.56421549,3.2,10.5,32.2226881,76.6,16.06,7.7,1,0
219,1600000US0630000,0,0,0,0,100,12935716,2,17865.5,Glendale,30.58,CA,Los Angeles,10.83474095,0.050910982,Yes,No,5,0,0,53,0.269758884,0.000361114,48,13.7655778,196984,0,1166.94,14.21,13.42,3934355,30.04410746,5.112090322,10.1359479,13.7655778,5.2,84.3,95.65,0.2,36,11.6061608,1.8,13.7,9.5792889,74.6,6.59,12.6,0,0
220,1600000US3457000,7,0,0,0,43,288881,0,0,Paterson,8.7,NJ,Passaic,45.45103967,0.203267448,No,Yes,3.375596259,14,1,23,0.489908101,0.000173374,47,26.4573991,146987,5,621.36,29.61,28.11,570477,60.6168717,4.428963106,8.3695425,26.4573991,8,77.2,94.5,3.3,38,13.14021006,0.2,8.5,37.7489137,85.8,25.04,31.5,0,0
221,1600000US1245000,1,0,0,0,15,91117,0,0,Miami,36.57,FL,Miami-Dade,22.23597535,0.275850179,Yes,Yes,2.765091863,0,4,42,0.447582524,0.000140581,51,23.5565909,424632,0,958.4,38.6,40.19,3472281,52.79206698,7.573616685,12.1235232,23.5565909,6.3,69.9,77.96,0.4,35,15.51202736,6.1,12.5,32.5891183,64.2,20.72,20.5,0,1
222,1600000US0608954,0,0,0,0,7,1291314,2,17865.5,Burbank,17.38,CA,Los Angeles,10.83474095,0.050441833,No,No,5,0,0,53,0.261410889,0.000361114,48,9.2760241,104725,0,3710.44,5.9,5.17,188287,45.77947734,4.258772977,10.304393,9.2760241,6.1,86.8,93.52,5.4,29,8.2617867,2.5,10.6,5.1787916,75.8,6.54,8.1,0,0
223,1600000US2255000,0,0,0,0,7,1998000,0,0,New Orleans,348.91,LA,Orleans Parish,12.82553669,0.491836874,No,No,3.496505444,15,5,12,0.539014365,4.51E-05,53,12.3933904,376738,2,3796.7,4.8,5.14,26076159,11.14458774,4.416862647,9.755779,12.3933904,6.2,83.8,89.66,0.2,33,9.04671151,0.4,13.6,20.5739846,78.1,11.31,18.9,0,0
224,1600000US1836003,3,0,0,0,40,2003169754,33,127989.4,Indianapolis,368.03,IN,Marion,11.94892452,0.12616608,No,No,0.240328828,21,2,5,0.624287149,0.000116588,46,13.2577873,841449,5,3756.67,0,0,0,28.75717729,5.66285063,8.9618856,13.2577873,7.5,84.3,88.39,3.8,26,16.49390757,0.3,13.7,18.2377825,63.8,13.8,10.1,0,5
225,1600000US1912000,0,0,0,0,4,2000,104,367880.6783,Cedar Rapids,72.07,IA,Linn,24.98073748,0.285976918,Yes,No,2.996812732,20,0,4,0.571820629,0.000835487,40,5.175449,128829,0,1961.86,15.47,15.78,15938539,26.52590085,7.901947543,10.429793,5.175449,6.9,92.9,84.17,3.4,22,13.44299189,0.5,11,14.8758626,63,10.83,6.8,0,0
226,1600000US0973000,3,0,5,0,15,0,1,1123.59999,Stamford,38.4,CT,Fairfield,8.780764806,0.334346003,No,Yes,3.165851539,20,0,6,0.720090842,0.000676608,45,9.5872973,126592,0,3210.67,8.22,8.33,4252602,22.37547393,2.409314965,10.6782475,9.5872973,6.7,85.7,88.59,1.8,26,49.07206155,0.2,8.3,9.4350066,65.9,14.75,11.1,0,0
227,1600000US1276600,16,0,12,0,60,453322,0,0,West Palm Beach,56.53,FL,Palm Beach,6.372626298,0.379266751,No,No,2.486600092,19,0,42,0.760151521,0.000390918,42,13.3586132,103588,12,2463.05,42.11,41.74,1622484,20.40038971,8.572421516,12.3450837,13.3586132,5.8,78.4,73.9,1,27,21.62852138,2.6,9.8,15.1926508,42.9,13.28,10.5,0,0
228,1600000US0656000,2,0,0,0,8,87000,2,17865.5,Pasadena,23.13,CA,Los Angeles,10.83474095,0.361136796,No,Yes,2.473988101,0,0,53,0.474780682,0.000361114,48,10.9711981,139899,0,4796.37,20.98,23.79,11323744,33.75977041,4.467508703,10.7451958,10.9711981,5.8,86.4,90.57,0.4,25,11.62203329,2,10.3,6.0235441,75.8,9.1,10.4,0,0
229,1600000US4856000,0,0,23,0,80,111904886,27,78845.60556,Pasadena,44.24,TX,Harris,10.83474095,0.188991585,No,Yes,5,0,0,11,0.388154259,0.000328026,47,26.7186268,153036,13,1042.3,18.27,18.78,3941015,38.46175953,3.410962127,6.6225434,26.7186268,8.4,71.1,85.75,2.9,21,20.88451635,0.5,11.3,17.3095663,62.3,21.84,6.1,1,0
230,1600000US3673000,1,44879,0,0,19,129599,15,20280.49333,Syracuse,25.61,NY,Onondaga,12.33724905,0.122256988,No,Yes,4.660237549,17,0,4,0.528783991,0.000416396,41,17.0669338,144564,3,2071.71,3.11,3.19,777550,44.52445313,9.767300296,11.2484255,17.0669338,7,90.3,98,1.8,33,17.33385342,0.7,15.4,31.6971213,91,10.35,28.8,0,0
231,1600000US1765000,9,849901,8,0,24,1851154,71,366791.7387,Rockford,61.95,IL,Winnebago,17.24748113,0.063817664,No,No,0.345779545,16,0,16,0.702360442,0.000499244,41,14.6520184,150283,0,775.35,0.06,0.06,0,36.72289623,5.702574476,12.3499377,14.6520184,7.5,87.6,93.28,4.1,29,14.59903065,0.3,14.7,25.2463328,78.1,12.7,12.1,0,0
232,1600000US2743000,3,854,1,0,7,721948,36,27875.33889,Minneapolis,57.47,MN,Hennepin,17.96319306,0.323529748,No,No,2.997410752,20,4,4,0.78290026,0.001121245,46,9.6795341,399950,0,3597.73,29.91,29.39,4446397,47.73612488,7.780972622,8.0131841,9.6795341,6.9,89.4,91.31,1,26,9.255274887,1,10.8,16.7111085,81.5,7.92,18.1,0,0
233,1600000US0203000,1,0,0,0,49,4223367,0,0,Anchorage,1733.53,AK,Anchorage Municipality,25.02424159,0.261888353,No,Yes,2.980887134,15,0,4,0.412390545,6.69E-05,43,5.7818278,299107,12,4953.66,15.32,15.35,9109750,23.14147543,2.564299732,5.8882814,5.7818278,7.5,84.5,85.3,1.5,20,19.15,0.4,10.1,11.0092703,48.9,11.35,5.8,0,0
234,1600000US4801000,3,15290,6,0,35,18671205,156,156874.1886,Abilene,112.2,TX,Taylor,26.9350328,0.243116522,Yes,No,3.368071252,19,0,48,0.496519072,5.21E-05,39,14.9300365,122226,8,759.37,31.28,35.77,24386499,16.4067867,6.537070672,10.2460565,14.9300365,7.3,82.4,88.57,4.3,24,15.91539888,0.2,15.7,14.378483,63.4,12.96,5.6,0,3
235,1600000US0477000,0,0,4,0,7,45956,0,0,Tucson,227.03,AZ,Pima,10.83474095,0.041745519,No,Yes,5,18,3,18,0.552659977,0.000641939,47,13.7662741,528374,13,1252.66,9.61,9.02,1304889,22.95850036,5.742144769,11.111165,13.7662741,6.2,83.6,86.46,0.8,28,2.73698098,0.9,14.8,20.3322639,57.6,13.48,12.9,0,0
236,1600000US3684000,1,1725816,6,25000,34,2345902,0,0,Yonkers,18.43,NY,Westchester,2.95069324,0.07208606,No,No,4.094523,16,0,19,0.48208716,0.001351163,48,14.4373223,199435,0,1945.6,14.07,14.55,4016548,42.42398703,2.100935142,12.9651171,14.4373223,6.5,88.2,95.18,2.3,29,29.82931795,0.5,10.9,17.9259097,88.2,12.05,25.5,0,0
237,1600000US3345140,2,0,37,0,38,3051563,1,5642,Manchester,34.96,NH,Hillsborough,12.87843002,0.254757127,No,Yes,4.906811846,18,0,0,1.313663501,0.000930758,39,10.9603985,110139,0,5416,0,0,0,38.4986282,5.683726927,9.750803,10.9603985,5.8,87.2,93.16,0.4,26,34.19962627,0.4,13.8,15.8289955,70.2,12.09,9.7,23,2
238,1600000US4819972,0,0,4,0,7,12673,103,20399.45204,Denton,89.31,TX,Denton,22.23597535,0.141369398,Yes,No,2.765091863,19,0,3,0.766243542,0.000471407,40,10.0827395,125734,4,3019.55,18.41,18.21,6518576,14.77022247,4.342500835,7.6923077,10.0827395,5.4,81.1,65.43,0.2,31,17.78260057,0.2,10.2,9.6559607,32.8,10.67,5.8,0,0
239,1600000US1319000,3,2513,0,0,5,2272193,0,0,Columbus,221,GA,Muscogee,1.267297888,0.070036037,No,Yes,1.840256352,19,0,11,0.319077815,4.49E-05,46,11.9381923,200285,0,NULL,9.21,8.85,12164555,11.40221127,5.542102504,10.1608026,11.9381923,7.5,84.7,79.82,3.1,23,55.67134225,0.3,18.4,19.73337,55.8,10.78,10.9,0,0
240,1600000US0670098,5,2346,3,0,16,146273,6,9256.391667,Santa Rosa,41.5,CA,Sonoma,10.83474095,0.083262997,No,No,2.723934827,0,0,12,0.691267956,0.000470633,49,12.3367642,172066,0,2697.55,36.82,36.24,8728937,32.51464677,2.969790662,12.8198727,12.3367642,6,87.5,85.5,0,27,17.77849887,0.6,12.3,9.5041193,53.9,15.05,6.3,0,0
241,1600000US0150000,0,0,5,0,44,4187688,23,24980.58261,Mobile,146.46,AL,Mobile,6.372626298,0.046070919,Yes,No,3.813670521,19,0,1,0.821966547,3.86E-05,41,11.4371281,194669,0,1885.86,9.89,8.5,964874,16.51832063,9.606049243,11.7277143,11.4371281,6.8,85.3,91.57,3.3,28,49.1768968,0.3,14.8,20.5133255,69.1,10.37,9.4,0,0
242,1600000US0636000,3,2994,3,0,14,6185647,0,0,Huntington Beach,27.48,CA,Orange,45.45103967,0.15879635,Yes,Yes,3.375596259,18,0,53,0.681963153,0.000914935,45,5.6787701,197752,0,1475.62,16.09,16.26,8828821,58.9817683,0.662445892,9.6897663,5.6787701,4.9,89.8,94.5,1,26,3.570084714,4.9,9,5.4270749,74.6,8.15,4,0,0
243,1600000US2836000,1,0,0,0,9,324659,9,52052.82667,Jackson,113.24,MS,Hinds,22.23597535,0.14038886,No,No,2.765091863,13,0,8,0.78285093,1.63E-05,45,13.8914382,173212,0,1814.63,25.87,25.39,12185633,20.93228796,14.2368889,8.7392893,13.8914382,7.3,82.6,92.74,7.1,31,50.23484488,0.2,13.3,25.375373,74,13.01,10.1,0,0
244,1600000US2758000,1,0,12,0,25,2981875,0,0,St. Paul,56.18,MN,Ramsey,15.48269021,0.156935745,No,No,0,20,2,4,0.719732527,0.000771694,47,11.9483457,295043,0,2367.59,41.92,44.74,12936448,43.16896381,5.812712045,8.8089001,11.9483457,7.8,89.4,93.53,4.5,26,11.87940367,1.1,12,19.4684391,82.7,9.04,14.3,1,0
245,1600000US3775000,3,172836,2,0,20,17140037,74,29629.96514,Winston-Salem,133.69,NC,Forsyth,23.72460575,0.327431833,No,No,1.663198761,21,0,0,0.8666714,0.000376019,43,13.4733368,236642,0,2005.85,8.45,8.48,1660155,18.31840593,7.838845175,10.6833071,13.4733368,7.2,83.6,83.4,0.2,26,45.38570597,0.2,10.9,16.1600566,58.8,12.91,10.6,0,1
246,1600000US3436000,15,153600,0,0,12,3957520,0,0,Jersey City,14.94,NJ,Hudson,6.600272605,0.245935202,No,No,2.216669109,18,1,23,0.350086628,0.000259576,52,12.6582209,259651,2,1852.58,11.51,11.51,0,65.6987977,2.595792044,7.0403198,12.6582209,7.3,82.4,82.8,0.4,24,8.662277845,0.9,9.8,16.1955622,70.4,9.44,38.5,0,0
247,1600000US0652526,0,0,3,0,1,0,2,17865.5,Norwalk,9.75,CA,Los Angeles,4.808259871,0.265579256,Yes,No,1.835717034,0,0,53,0.347879646,0.000361114,48,23.038717,106659,0,1380.2,4.87,4.98,2673977,64.81289218,1.565737537,6.5895317,23.038717,7,80.5,97.44,2.3,28,4.026804491,2.9,10.1,11.4490358,86.5,15.9,5.7,1,0
248,1600000US4803000,3,1929,1,0,3,39476,73,56846.85849,Amarillo,101.16,TX,Potter,22.05967916,0.289062911,No,No,2.810262902,20,0,48,0.506643609,6.54E-05,42,14.8698166,196571,9,407.08,6.78,5.98,3018510,25.78847984,5.311058091,9.0786288,14.8698166,8,80.7,85.85,1.6,22,4.964627916,0.2,11.5,13.8158863,65.2,13.37,5.9,1,0
249,1600000US1253000,0,0,0,0,47,1565338,0,0,Orlando,110.68,FL,Orange,10.83474095,0.298907442,Yes,Yes,5,0,0,27,0.970426406,0.000150524,47,8.7202102,256738,0,1661.81,6.55,6.42,1967235,24.59437152,9.507747198,7.5418332,8.7202102,7.2,78.5,73.17,0.7,28,25.61733725,0.8,10.1,17.8874135,37.7,10.49,8.7,0,0
250,1600000US0643000,0,0,12,0,10,3303975,2,17865.5,Long Beach,51.21,CA,Los Angeles,9.58492488,0.206706232,No,No,1.212644296,16,2,53,0.409901603,0.000361114,48,17.7182127,470237,0,4622.71,3.79,3.92,33994954,62.57561343,3.366387588,8.349452,17.7182127,7,83.2,96.2,2.8,29,4.323436419,5.9,10,13.0609588,83,12.52,10.6,0,0
251,1600000US0541000,0,0,1,0,9,8414,0,0,Little Rock,120.99,AR,Pulaski,10.52575507,0.470911072,No,Yes,5,20,1,10,0.552519357,0.000107565,40,8.0549817,196943,2,1396.05,4.82,5.97,6029048,25.2230308,12.592476,9.9459338,8.0549817,6.7,86.2,86.46,6.5,22,43.23699077,0.2,12.4,13.3388401,53.9,9.54,7.9,0,0
252,1600000US3421000,0,0,0,0,119,92279,0,0,Elizabeth,12.44,NJ,Union,0.060023522,0.254995051,No,No,4.392663299,18,1,23,0.074594631,0.000477454,49,24.9037291,127759,12,891.14,5.04,5.39,343568,71.75481293,3.929273084,7.6940633,24.9037291,8.6,73.4,87.82,2.3,29,5.925393987,0.6,9,19.2630538,78.2,22.85,24.4,0,0
253,1600000US0680000,0,0,0,0,20,200333,2,17865.5,Torrance,20.55,CA,Los Angeles,10.72812564,0.137705921,No,No,2.643081608,0,0,53,0.485777738,0.000361114,48,5.0523215,147589,12,586.66,9.88,9.64,61146155,63.4084407,7.392149821,11.1129169,5.0523215,5.4,91.1,96,1.9,24,4.665240913,1.6,9.6,3.5321523,83.5,5.14,5.2,0,0
254,1600000US4810768,0,0,12,0,5,42353,120,115534.675,Brownsville,146.19,TX,Cameron,12.93126603,0.535293591,No,No,2.744568605,18,0,11,0.397502335,3.11E-05,47,33.3776119,181487,0,2451.51,22.79,23.38,12351495,13.58556543,2.947869544,8.0134981,33.3776119,8.8,65.4,69.77,3,26,16.26789153,1.4,12.5,29.0208095,34.6,15.03,10,0,0
255,1600000US3731400,0,0,0,0,1,8507,115,41459.46435,High Point,55.45,NC,Guilford,27.79784312,0.035538831,Yes,No,1.663198761,20,1,0,0.666991158,0.00029205,45,13.5663975,108031,0,1421.41,8.65,8.58,1720662,27.74810557,3.554535272,10.382447,13.5663975,6.9,83.4,76.25,1.8,25,39.24361305,0.4,12.8,20.552559,47.1,10.15,9.4,0,0
256,1600000US3651000,0,0,9,0,3,199670,0,0,New York,299.31,NY,New York,31.50182217,0.319734356,No,No,0,19,4,19,0.396861085,0.000107118,55,16.7094615,8426743,2,8346.27,9.21,8.02,6824504,62.71734441,2.960811787,10.607557,16.7094615,6.6,87.6,92.87,6.2,28,12.76095828,1.5,10.4,21.4233982,84.7,10.26,55.2,6,0
257,1600000US0681666,0,0,31,0,1,24418,4,7226.5,Vallejo,34.43,CA,Solano,27.86317826,0.505127813,No,Yes,3.177186219,0,0,14,0.543882389,0.000157368,46,10.2850138,118995,0,2610.47,13.95,14.1,1779822,37.61121597,2.941300055,9.1202446,10.2850138,6.2,86.2,92.01,1.6,34,7.354084896,0.5,12.4,14.0746312,63.2,14.01,8.2,7,0
258,1600000US0623182,0,0,2,0,0,0,4,7226.5,Fairfield,37.64,CA,Solano,27.86317826,1.033882473,Yes,No,0,0,1,14,0.578405132,0.000157368,46,12.2476078,109468,0,1972.91,9.93,10.44,1481362,33.7536636,1.205831841,7.9600266,12.2476078,6.9,90,79.02,2.9,26,6.205857911,0.6,11.4,11.463478,41.6,13.21,5.7,0,0
259,1600000US1224000,4,10281,4,0,7,383732,0,0,Fort Lauderdale,35.57,FL,Broward,6.372626298,0.100366041,No,Yes,3.813670521,20,1,42,0.815009472,0.000232211,49,12.1325084,173570,12,1005.8,51.12,55,10275745,48.34675963,8.814887365,11.8113989,12.1325084,5.6,79.3,87.31,2.4,31,15.5396013,3.7,14,16.7170438,76.3,13.01,9.7,0,0
260,1600000US5116000,8,0,1,0,5,50000,24,7624.808329,Chesapeake,350.86,VA,Norfolk,1.501617957,0.208583051,No,Yes,2.953234493,20,1,40,0.721032253,4.34E-05,49,7.4887262,230601,0,2222.96,22.74,23.4,3725881,6.648857464,1.344313338,6.8573812,7.4887262,6.3,91.3,82.49,4.9,24,54.06471565,0.5,9.6,9.4531269,37.3,11.6,4.1,0,0
261,1600000US1214400,1,0,2,0,27,21525000,0,0,Coral Springs,23.99,FL,Broward,6.372626298,0.020128201,No,Yes,2.810303512,20,0,42,0.802010784,0.000232211,49,6.1825247,126673,11,804.56,34.68,37.25,401728,31.2529255,1.436770267,5.0947721,6.1825247,6.7,81,90.17,1.1,27,19.47368878,2.3,8.5,10.7737054,30.5,9.46,5,0,0
262,1600000US5135000,0,0,4,0,28,1000000,0,0,Hampton,53.06,VA,Hampton,1.501617957,0.248249104,No,No,2.97177735,20,1,40,0.491561023,1.46E-05,45,8.4207132,137081,0,2463.11,37.26,35.05,6654179,25.18700673,4.997045542,10.5591235,8.4207132,6.3,87.5,90.19,3,30,24.52338065,0.3,12.5,13.8439743,63.1,12.65,8.6,0,0
263,1600000US1714000,0,0,2,0,31,2783061,31,15502.03871,Chicago,231.03,IL,Cook,13.92166333,0.097022289,Yes,No,3.97435573,11,9,16,0.539464562,0.000312429,51,15.4780912,2717534,3,5212.48,1.72,1.81,1739035,61.22644731,3.644848602,9.2733882,15.4780912,6.8,83.2,90.71,1.1,26,6.985336564,1.3,10.8,20.692346,82.3,10.89,26.9,1,0
264,1600000US5182000,0,0,5,0,38,18947627,11,3140.222727,Virginia Beach,262.6,VA,Virginia Beach,1.501617957,0.1349038,No,No,2.953234493,21,1,40,0.530618329,8.03E-05,41,5.5251305,448290,12,2102.9,18.95,21.17,6242303,13.94149991,0.985968904,8.4894311,5.5251305,6.6,90,87.18,2.8,23,33.43815076,0.3,10.1,7.431335,44.4,9.55,4.1,0,0
265,1600000US4740000,0,0,20,0,8,1060,1,3715,Knoxville,104.17,TN,Knox,5.796048805,0.035041953,No,No,3.120755374,20,0,8,1.122956271,0.000330822,39,10.6066958,183066,0,2974.96,27.37,27.31,2759987,28.66224843,9.49384375,11.7980092,10.6066958,5.9,87.1,89.13,0,25,35.15726487,0.5,15,20.2928225,66.4,12.53,10.9,0,0
266,1600000US5157000,0,0,3,0,32,3021699,0,0,Norfolk,58.71,VA,Norfolk,1.501617957,0.100518336,No,No,2.97177735,19,1,40,0.376740109,6.11E-05,49,11.3314372,245452,0,4098.26,22.39,21.68,525373,37.55767865,5.369685315,9.1446953,11.3314372,6.9,83.9,89.97,0.2,28,15.87059938,0.4,12.5,17.8838532,73.1,14.42,12.4,0,0
267,1600000US1751622,0,0,0,0,0,0,6,15125.5,Naperville,39.32,IL,DuPage,11.49768553,0.215761728,No,Yes,4.248791956,21,0,16,0.767667586,0.000644876,40,2.5286204,145058,0,789.56,25.69,24.94,3623033,40.18675386,2.405934178,6.8400136,2.5286204,5.7,94.7,85.03,1,20,11.87406903,0.2,6.5,4.1918799,29.2,3.56,3.4,0,0
268,1600000US7276770,0,0,0,0,0,0,0,0,San Juan,0,PR,San Juan,26.12850839,0.295158051,No,Yes,5,2,13,13,0.59146,1.88E-05,0,20.5798265,357627,7,1477.744,9.21,8.83,4552922,0,10.94995624,14.0396126,20.5798265,5.3,89.1,94.18,2.6,22,25.43,76.9,19.1,28.8060162,78.1,13.52,26.8,0,0
269,1600000US7263820,0,0,1,0,0,0,0,0,Ponce,0,PR,Ponce,10.83474095,0.662840514,No,No,5,2,13,13,0.77319,0,0,22.705871,126302,13,1610.247,8.83,10.06,545556,0,7.656252474,12.8041112,22.705871,5.8,94.6,92.19,0.3,21,41.26,80.1,17.8,44.7872848,67.4,11.14,21.7,1,0
270,1600000US7214290,0,0,0,0,0,0,0,0,Carolina,0,PR,Carolina,NA,0.12359242,No,No,5,2,13,13,0.67238,5.95E-06,0,15.3265117,150712,0,1214.006,35.66,37.33,375657,0,8.167896385,11.4246622,15.3265117,5.3,90.9,89.6,6.6,19,25.43,77.9,21.9,26.8821618,67.5,9.84,14.8,0,0
271,1600000US1571550,2,0,1,0,6,169218,0,0,Honolulu,60.56,HI,Honolulu,12.60530364,0.209222661,No,No,0.723123993,20,0,5,0.432066054,8.94E-05,52,10.125482,347973,0,7750.25,19.13,18.53,125374618,0,3.850873487,12.2396345,10.125482,5.3,93.9,91.2,1.7,26,42.70564065,59,10.9,10.9571699,72.8,11.03,17.7,0,0
272,1600000US5101000,0,0,14,0,2,100000,0,0,Alexandria,15.26,VA,Arlington,2.402034856,0.066972725,No,Yes,2.645669654,21,1,40,0.686520855,0.000180826,51,7.2713854,149315,0,2217.47,11.09,12.38,4325315,44.93352015,2.129725748,7.6242169,7.2713854,7.5,85.7,87.71,3.1,18,21.72304223,0.5,6.2,4.8684938,66.9,7.58,9.3,1,0
273,1600000US2507000,0,0,0,0,3,2235616,0,0,Boston,49.36,MA,Suffolk,0.099105029,0.117801312,No,No,3.352415395,21,15,16,0.525765519,0.001015919,56,12.8318085,650281,0,2198.74,11.94,11.94,10662501,60.45104415,9.542028754,10.1149461,12.8318085,5.4,95.3,92.01,3,25,19.32029089,0.8,12.1,20.0628965,82,9.14,35.2,0,0
274,1600000US2146027,5,310753,23,0,10,7792943,30,24182.038,Lexington-Fayette,285.55,KY,Lexington-Fayette,4.808259871,0.11147261,Yes,Yes,1.835717034,0,0,10,0.560628856,0.000418415,44,9.1819817,308306,6,1324.56,13.99,13.74,4231633,10.54356998,7.50553022,8.1477829,9.1819817,6.4,88.8,81.26,0.3,26,14.26386267,0.3,11.3,12.72107,50,10.04,8.3,0,0
275,1600000US1919000,4,0,4,0,5,158000,58,303713.7622,Davenport,65.07,IA,Scott,21.0582877,0.249928299,No,No,0,18,0,2,0.527013211,0.000170594,38,8.2197077,101863,0,1164.05,19.35,20.89,17074925,20.90478937,7.745697653,10.43309,8.2197077,7.1,90.6,89.94,3,23,10.91929041,0.8,11.4,16.2311436,75.7,12.35,8.5,0,2
276,1600000US3921000,9,18983,0,0,8,76945,65,240369.1558,Dayton,56.51,OH,Montgomery,15.74503903,0.079558911,No,Yes,0.052951277,19,0,12,0.891731644,0.000219198,41,15.7246509,141368,0,1132.95,8.14,7.94,1848470,33.00159901,16.85671439,12.338614,15.7246509,6.6,85.4,95.11,2.1,31,17.23007271,0.4,19.1,31.479866,88.2,12.63,21.2,0,0
277,1600000US4983470,17,0,0,0,5,6286665,1,626,West Valley City,35.61,UT, Salt Lake,14.20645978,0.175466582,No,No,5,0,0,0,0.427230046,0.000546824,41,18.7923367,133660,6,1142.47,6.6,8.3,107289,38.3993931,0.755648661,5.0064894,18.7923367,9.4,75.9,82.07,0.4,28,6.003561949,0.1,9.1,15.2348604,49,19.55,4.2,0,13
278,1600000US7206593,4,0,2,0,12,0,0,0,Bayamn,0,PR, Bayamon,NA,0.189485959,No,No,5,2,13,13,0.70365,0,0,20.096207,177709,13,953.4082,8.46,8.58,70630,0,6.550034044,11.6407008,20.096207,5.1,92.9,92.53,0.1,23,32.44925938,75.8,24.5,28.6625676,68.8,9.42,14.7,0,0
